מעסיק	1.htm
ממונה על ביצוע	1.htm
מפקח העבודה	1.htm
מפקח העתק	1.htm
המעסיק	1.htm
ממונה על בטיחות	1.htm
ממונה על ביצועו	1.htm
ממונה על הבטיחות	1.htm
מפקח העבודה	10.htm
מפקח על אי	10.htm
מבצע הבניה	11.htm
מפקח העבודה	11.htm
בודק מוסמך	11.htm
מבצע בניה	12.htm
מבצע הבניה	12.htm
קבלן	12.htm
מפקח הכללי	13.htm
המעסיק	13.htm
מפקח העבודה	14.htm
מפקח על	14.htm
ממונה על פיצוצים	16.htm
מפקח העבודה	16.htm
מפקח המרחב	16.htm
ממונה על הפיצוצים	16.htm
מתכנן מראש	16.htm
מבצע בניה	17.htm
קבלן	17.htm
מפקח העבודה	17.htm
ממונה על העבודה	17.htm
מפקח העבודה	19.htm
מעסיק	2.htm
מפקח הורה	2.htm
ממונה על ביצוע	2.htm
בודק מוסמך	2.htm
מפקח האזורי	2.htm
מפקח הוא	2.htm
מפקח העבודה	2.htm
מבצע בניה	2.htm
ממונה על הארגז	2.htm
מפקח הראשי	2.htm
המעסיק	2.htm
הבודק המוסמך	2.htm
קבלן	2.htm
ממונה על ארגז	2.htm
מפקח העבודה	20.htm
בודק מוסמך	20.htm
מבצע בניה	20.htm
ממונה על בטיחות	20.htm
קבלן	20.htm
מפקח העבודה	21.htm
המעסיק	21.htm
ממונה על בטיחות	21.htm
קבלן	21.htm
ממונה על הבטיחות	21.htm
מעסיק	22.htm
מפקח העבודה	22.htm
מבצע בניה	22.htm
המעסיק	22.htm
ממונה על בטיחות	22.htm
קבלן	22.htm
ממונה על הבטיחות	22.htm
מפקח על מקום	23.htm
מפקח העבודה	23.htm
ממונה על הבטיחות	23.htm
ממונה על בני	24.htm
בודק מוסמך	24.htm
מתכנן המיתקן	27.htm
המעסיק	28.htm
ממונה על הציוד	29.htm
מפקח העבודה	29.htm
המעסיק	29.htm
מעסיק	3.htm
מפקח העבודה	3.htm
המעסיק	3.htm
מפקח העבודה	30.htm
מבצע בניה	32.htm
קבלן	4.htm
המעסיק	4.htm
מוסמך למתן איתות	5.htm
בודק המוסמך	5.htm
מבצע הבניה	5.htm
המוסמך למתן איתות	5.htm
בודק מוסמך	5.htm
מפקח העבודה	5.htm
מבצע בניה	5.htm
מפקח הראשי	5.htm
ממונה על בטיחות	5.htm
הבודק המוסמך	5.htm
מעסיק	6.htm
מוסד ביקורת מוסמך	6.htm
מבצע הבניה	6.htm
בודק מוסמך	6.htm
מפקח העבודה	6.htm
מתכנן הקמת	6.htm
מבצע בניה	6.htm
קבלן	6.htm
הבודק המוסמך	6.htm
בונה מקצועי	6.htm
ממונה על ארגז	6.htm
קבלן	7.htm
ממונה על שיטת	8.htm
מפקח על הבטיחות	8.htm
מתכנן שלד	8.htm
מתכנן המחוז	8.htm
מתכנן השיטה	8.htm
קבלן	8.htm
ממונה על המחוז	9.htm
