1.htm	חוק הגז (בטיחות ורישוי), תשמ"ט-1989
1.htm	הוראות פרק זה, יעמיד לרשותו את האמצעים הנדרשים למילוי תפקידו ויאפשר לו לבצע את עבודתו. מיום 28.5.2019 עד יום 27.5.2024 תיקון מס' 11 – הוראת שעה ס"ח תשע"ט מס' 2761
1.htm	תקנה 2 לתקנות הבטיחות בעבודה (עבודות בנייה), התשמ"ח-1988
1.htm	חוק ארגון הפיקוח על העבודה, תשי"ד-1954
1.htm	הוראת שעה) תשע"ט-2018
1.htm	תקנה 7 לתקנות הבטיחות בעבודה (עבודות בנייה), התשמ"ח-1988
1.htm	הוראות החוק והתקנות לפיו. מיום 21.5.1982 תיקון מס' 2 ס"ח תשמ"ב מס' 1051
1.htm	תקנה 5(1) ו-(2) לתקנות הבטיחות בעבודה (עבודה בגובה), התשס"ז-2007
1.htm	תקנות הוראות בדבר דרכי סיוע של המעסיק לועדת בטיחות במילוי תפקידיה; תקנות כאמור יכול שיהיו כלליות או לפי סוגי מפעלים, ענפי עבודה, מקצועות או אזורים. מיום 21.5.1982 תיקון מס' 2 ס"ח תשמ"ב מס' 1051
1.htm	תקנות. מיום 15.7.2014 תיקון מס' 8 ס"ח תשע"ד מס' 2459
1.htm	חוק האמור לכל יום שבו נמשכת העבירה; (2)   עבירה לפי סעיף זה היא עבירה מסוג העבירות של אחריות קפידה. (תיקון מס' 10) תשע"ו-2016
1.htm	הוראות תקנות 79 ו-80 לתקנות האמורות. 5.        תקנה 2(א) לתקנות הבטיחות בעבודה (עגורנאים, מפעילי מכונות הרמה אחרות ואתתים), התשנ"ג-1992
1.htm	חוק להגברת הצמיחה והתעסוקה ולהשגת יעדי התקציב לשנת הכספים 1998 (תיקוני חקיקה), תשנ"ח-1998
1.htm	תקנות, הוראות בדבר תקופת כהונתו של המועצה והתנאים להפסקת החברות בה.           (ד)  הודעה על הרכב מועצת המוסד תפורסם ברשומות. מיום 15.7.2014 תיקון מס' 8 ס"ח תשע"ד מס' 2459
1.htm	הוראות בדבר מינוי ממונה על בטיחות ופסילתו, בדבר חובותיו כלפי מפקח עבודה וועדת בטיחות ובדבר העונש שיהיה צפוי לו באי-מילוי חובותיו. מיום 1.11.1989 תיקון מס' 4 ס"ח תשמ"ט מס' 1286
1.htm	חוק זה, הנדרשים לפי חוק זה לשם ביצוע עבודה, ביצוע תפקיד הכולל סמכויות בדיקה ובקרה הנדרשות בהוראות לפי חוק זה, או מתן הכשרה מקצועית. מיום 28.1.2016 תיקון מס' 9 ס"ח תשע"ו מס' 2525
1.htm	חוק זה, דינו – קנס 50 לירות. (תיקון     מס' 2)      תשמ"ב-1982
1.htm	חוק זה ולפי כל דין אחר. מיום 1.1.1983 תיקון מס' 2 ס"ח תשמ"ב מס' 1051
1.htm	הוראת שעה)     תשע"ט-2018
1.htm	הוראות לפי חוק זה, או מתן הכשרה מקצועית. מיום 28.1.2016 תיקון מס' 9 ס"ח תשע"ו מס' 2525
1.htm	חוקיותו של צו שנמסר או שהודבק כאמור.  (ד) מפקח עבודה ראשי רשאי להסמיך בכתב מפקח עבודה פלוני בסמכויות הנתונות למפקח עבודה אזורי לפי סעיף זה.   מיום 11.8.2016 תיקון מס' 10 ס"ח תשע"ו מס' 2576
1.htm	תקנות   43.    שר העבודה[1] ממונה על ביצוע חוק זה והוא רשאי, בהתיעצות עם מועצת המוסד, להתקין תקנות בכל ענין הנוגע לביצועו. אגרות (תיקון מס' 9)      תשע"ו-2016
1.htm	תקנות לפי חוק זה, הנדרשים לפי חוק זה לשם ביצוע עבודה, ביצוע תפקיד הכולל סמכויות בדיקה ובקרה הנדרשות בהוראות לפי חוק זה, או מתן הכשרה מקצועית. מיום 28.1.2016 תיקון מס' 9 ס"ח תשע"ו מס' 2525
1.htm	הוראה כאמור לגבי מפעל גז כמשמעותו בסעיף 8ד(ח) תינתן לאחר התייעצות עם שר האנרגיה והתשתית.   מיום 15.7.2014
1.htm	פקודת הבטיחות בעבודה (מס' 6), תשס"ה-2005
1.htm	חוק לתיקון פקודת הבטיחות בעבודה (מס' 6), תשס"ה-2005
1.htm	תקנות הוראות בדבר דרכי סיוע של המעביד לועדת בטיחות במילוי תפקידיה; תקנות כאמור יכול שיהיו כלליות או לפי סוגי מפעלים, ענפי עבודה, מקצועות או אזורים.   מיום 15.7.2014 תיקון מס' 8 ס"ח תשע"ד מס' 2459
1.htm	הוראה על פי סעיף 25(א), דינו – קנס 500 לירות. (תיקון     מס' 2)      תשמ"ב-1982
1.htm	חוק לתיקון פקודת הבטיחות בעבודה (מס' 9), תשע"ו-2016
1.htm	חוק העונשין, התשל"ז-1977
1.htm	חוק בית הדין לעבודה, תשכ"ט–1969
1.htm	הוראות סעיף 17(א)(2) יחולו, בשינויים המחוייבים לפי הענין, על חילוקי דעות בין נאמני בטיחות לבין מעסיק בקשר למעשי המעביד כאמור. מיום 21.5.1982 תיקון מס' 2 ס"ח תשמ"ב מס' 1051
1.htm	הוראה של מפקח עבודה שניתנה לפי סעיף 3(7) או שעבר על הוראות סעיף 8ד(א), דינו – מאסר ששה חדשים או קנס 50,000 שקלים. (תיקון     מס' 2)      תשמ"ב-1982
1.htm	הוראות סעיף זה אינן גורעות מאחריותו הפלילית של המחזיק במקום עבודה, לפי יתר הוראות חוק זה ולפי כל דין אחר. מיום 1.1.1983 תיקון מס' 2 ס"ח תשמ"ב מס' 1051
1.htm	פקודת הבטיחות בעבודה [נוסח חדש], תש"ל-1970
1.htm	פקודת הבטיחות בעבודה [נוסח חדש], התש"ל-1970
1.htm	הוראות הבטיחות מיום 28.5.2019 עד יום 27.5.2024 תיקון מס' 11 – הוראת שעה ס"ח תשע"ט מס' 2761
1.htm	חוק מס ערך מוסף, תשל"ו–1975
1.htm	חוק ארגון הפיקוח על העבודה, תשי"ד-1954
1.htm	חוק ארגון הפיקוח על העבודה (תיקון מס' 11 – הוראת שעה), התשע"ט-2018
1.htm	הוראות סעיף 17(א)(2) יחולו, בשינויים המחוייבים לפי הענין, על חילוקי דעות בין נאמני בטיחות לבין מעביד מעסיק בקשר למעשי המעביד כאמור. ממונה על בטיחות (תיקון מס' 4)     תשמ"ט-1989
1.htm	חוק העונשין, התשל"ז-1977
1.htm	חוק הודעה מוקדמת לפיטורים ולהתפטרות, התשס"א-2001
1.htm	הוראות בדבר דרכי סיוע של המעביד לועדת בטיחות במילוי תפקידיה; תקנות כאמור יכול שיהיו כלליות או לפי סוגי מפעלים, ענפי עבודה, מקצועות או אזורים.   מיום 15.7.2014 תיקון מס' 8 ס"ח תשע"ד מס' 2459
1.htm	חוק הסדרים במשק המדינה (תיקוני חקיקה להשגת יעדי התקציב לשנת 1997), תשנ"ז-1996
1.htm	תקנות 9 עד 11 ו-81, ככל שקיומן נדרש לשם מילוי הוראות תקנות 79 ו-80 לתקנות האמורות. 5.        תקנה 2(א) לתקנות הבטיחות בעבודה (עגורנאים, מפעילי מכונות הרמה אחרות ואתתים), התשנ"ג-1992
1.htm	חוק בית הדין לעבודה תשכ"ט–1969
1.htm	פקודת הבטיחות בעבודה (מס' 9), תשע"ו-2016
1.htm	תקנות), כנוסחו ביום כ"א בטבת תשנ"ז (31 בדצמבר 1996
1.htm	תקנות הבטיחות בעבודה (עבודה בגובה), התשס"ז-2007
1.htm	פקודת המסים (גביה), תחול על גביית קנס מינהלי לפי סעיף זה וניתן לגבותו גם בדרך תובענה אזרחית. תכנית בטיחות (תיקון מס' 2)      תשמ"ב-1982
1.htm	הוראות מעבר Go 12   חוק ארגון הפיקוח על העבודה, תשי"ד-1954
1.htm	הוראות בדבר תקופת כהונתו של המועצה והתנאים להפסקת החברות בה.           (ד)  הודעה על הרכב מועצת המוסד תפורסם ברשומות. מיום 15.7.2014 תיקון מס' 8 ס"ח תשע"ד מס' 2459
1.htm	תקנות עבודת הנוער (עבודות אסורות ועבודות מוגבלות), התשנ"ו-1995
1.htm	תקנות. מיום 21.5.1982 תיקון מס' 2 ס"ח תשמ"ב מס' 1051
1.htm	הוראות סעיף 8ד(א), דינו – מאסר ששה חדשים או קנס 50,000 שקלים. (תיקון     מס' 2)      תשמ"ב-1982
1.htm	תקנות הבטיחות בעבודה (עבודות בנייה), התשמ"ח-1988
1.htm	הוראות סעיף 35;           דינו – מאסר ששה חדשים או קנס 500 לירות, או שני הענשים כאחד. (תיקון מס' 8) תשע"ד-2014
1.htm	חוק בית הדין לעבודה תשכ"ט-1969
1.htm	חוק בית הדין לעבודה, תשכ"ט-1969
1.htm	פקודת הבטיחות בעבודה;           "הוראות הבטיחות" – הוראות הדין המפורטות בתוספת;           "מבצע בנייה" – כמשמעותו בתקנות 1 ו-6 לתקנות הבטיחות בעבודה (עבודות בנייה), התשמ"ח-1988
1.htm	פקודה חלים עליו; (5)  לבדוק כל פנקס, תעודה, דין וחשבון או מסמך אחר, שניהולם, קיומם או הגשמתם היא חובה על פי חיקוק שביצועו בידי שר העבודה, ולהעתיק מהם; (תיקון     מס' 2)      תשמ"ב-1982
1.htm	חוק זה או בתקנות. מיום 21.5.1982 תיקון מס' 2 ס"ח תשמ"ב מס' 1051
1.htm	הוראת שעה), התשע"ט-2018
1.htm	הוראה כאמור לגבי מפעל גז כמשמעותו בסעיף 8ד(ח) תינתן לאחר התייעצות עם שר האנרגיה והתשתית. (תיקון     מס' 11 – הוראת שעה) תשע"ט-2018
1.htm	פקודת בתי-חרושת, 1946 פקודת הבטיחות בעבודה [נוסח חדש], תש"ל-1970
1.htm	תקנות Go 12 סעיף 43א  אגרות Go 12 סעיף 44  הוראות מעבר Go 12   חוק ארגון הפיקוח על העבודה, תשי"ד-1954
1.htm	הוראה על פי סעיף 25(א), דינו – קנס 500 לירות. העברה מכהונה (תיקון מס' 8)      תשע"ד-2014
1.htm	הוראות סעיף 6א(ג), דין המחזיק במקום העבודה – מאסר שנתיים או הקנס הקבוע בסעיף 61(א)(3) לחוק העונשין, התשל"ז-1977
1.htm	חוק להחלפת המונח מעביד (תיקוני חקיקה), תשע"ד-2014
1.htm	פקודת הבטיחות בעבודה [נוסח חדש], התש"ל-1970
1.htm	הוראות סעיף 8ג יחולו בשינויים המחוייבים. מיום 21.5.1982 תיקון מס' 2 ס"ח תשמ"ב מס' 1051
1.htm	תקנות מס מקביל (שירותי בריאות בעבודה), תשל"ג-1973
1.htm	הוראות סעיף 6א(ג), דין המחזיק במקום העבודה – מאסר שנתיים או הקנס הקבוע בסעיף 61(א)(3) לחוק העונשין, התשל"ז-1977
1.htm	חוק ביטוח בריאות ממלכתי, תשנ"ד-1994
1.htm	הוראות בדבר דרכי סיוע של המעסיק לועדת בטיחות במילוי תפקידיה; תקנות כאמור יכול שיהיו כלליות או לפי סוגי מפעלים, ענפי עבודה, מקצועות או אזורים. מיום 21.5.1982 תיקון מס' 2 ס"ח תשמ"ב מס' 1051
1.htm	הוראות הבטיחות (תיקון מס' 11 – הוראת שעה)     תשע"ט-2018
1.htm	תקנה 2(א) לתקנות הבטיחות בעבודה (עגורנאים, מפעילי מכונות הרמה אחרות ואתתים), התשנ"ג-1992
1.htm	הוראות מעבר (תיקון מס' 5)      תשנ"ז-1997
1.htm	הוראות סעיף זה לא יחולו לגבי מקום עבודה שעיקר עיסוקו ייצור, מילוי, החסנה, הולכה, הובלה או שיווק של גז (להלן – מפעל גז). מיום 1.1.1983 תיקון מס' 2 ס"ח תשמ"ב מס' 1051
1.htm	תקנות 2, 3, 6 ו-7 לתקנות ארגון הפיקוח על העבודה (מסירת מידע והדרכת עובדים), התשנ"ט-1999
1.htm	הוראת שעה; תחילתו שישה חודשים מיום פרסומו ותוקפו לחמש שנים. [1] סמכויותיו הועברו לשר הרווחה והשירותים החברתיים: י"פ תשע"ז מס' 7394
1.htm	הוראות פרק זה והתוספת יעמדו בתוקפן חמש שנים מיום תחילתו של חוק ארגון הפיקוח על העבודה (תיקון מס' 11 – הוראת שעה), התשע"ט-2018
1.htm	חוק העבירות המינהליות, תשמ"ו-1985
1.htm	תקנות. הודעה על נאמן בטיחות ותחילת כהונתו (תיקון מס' 8)      תשע"ד-2014
1.htm	הוראות הבטיחות" – הוראות הדין המפורטות בתוספת;           "מבצע בנייה" – כמשמעותו בתקנות 1 ו-6 לתקנות הבטיחות בעבודה (עבודות בנייה), התשמ"ח-1988
1.htm	הוראות סעיף 8ג יחולו בשינויים המחוייבים.   מיום 15.7.2014 תיקון מס' 8 ס"ח תשע"ד מס' 2459
1.htm	חוק מס מקביל, תשל"ג-1973
1.htm	הוראת שעה ס"ח תשע"ט מס' 2761
1.htm	תקנות שיעורי שכר בטלה והוצאות שישלם המעסיק למי שאינו עובד המפעל ומונה כאמור כחבר בועדת הבטיחות. (תיקון     מס' 2)      תשמ"ב-1982
1.htm	חוקיותו של צו שנמסר או שהודבק כאמור. (תיקון     מס' 2)      תשמ"ב-1982
1.htm	הוראות סעיף 17(2) 17(א)(2) יחולו, בשינויים המחוייבים לפי הענין, על חילוקי דעות בין נאמני בטיחות לבין מעביד בקשר למעשי המעביד כאמור.   מיום 15.7.2014 תיקון מס' 8 ס"ח תשע"ד מס' 2459
1.htm	תקנות האמורות. 4.        תקנות 79, 80 ו-164(א) עד (ג) לתקנות הבטיחות בעבודה (עבודות בנייה), התשמ"ח-1988
1.htm	תקנות 1 ו-6 לתקנות הבטיחות בעבודה (עבודות בנייה), התשמ"ח-1988
1.htm	פקודת הבטיחות בעבודה;           "פקודת הבטיחות בעבודה" – פקודת הבטיחות בעבודה [נוסח חדש], התש"ל-1970
1.htm	תקנות. (תיקון     מס' 6)      תשנ"ח-1998
1.htm	תקנות. מינהלת המוסד (תיקון מס' 8)      תשע"ד-2014
1.htm	תקנה 1 לתקנות עבודת הנוער (עבודות אסורות ועבודות מוגבלות), התשנ"ו-1995
10.htm	תקנת משנה 29(ג) הנוסח הקודם:  (ג) לא יעבוד אדם בצורן דו-חמצני גבישי בתהליך של ניקוי בהתזת חול אלא אם כן קיבל לכך היתר מיוחד מאת מפקח עבודה ראשי.   מיום 24.11.1990 תק' תשנ"א-1990
10.htm	הוראות פסקאות (1) עד (4) יחולו גם על מעביד במפעל שבו עבדו באבק מזיק שמקורו באסבסט ושנסגר מכל סיבה שהיא, וכן על שירות רפואי מוסמך.   מיום 11.8.2000 תק' תש"ס-2000
10.htm	תקנות אלה; (7) הפיקוח הרפואי במחלקת באגף הפיקוח על העבודה במשרד העבודה והרווחה; (8) המחלקה הרפואית לעובדי המדינה במשרד הבריאות;           "רופא" – כמשמעותו בפקודת הרופאים [נוסח חדש], תשל"ז-1976
10.htm	תקנות הבטיחות בעבודה (גיהות תעסוקתית ובריאות הציבור והעובדים באבק מזיק), תשמ"ד-1984
10.htm	תקנה 17 לכל אדם הנבדק על ידו שהעתק שלו יישלח לועדה הרפואית; תק' תש"ס-2000
10.htm	תקנה 4 – (1)  להתקין ולקיים אמצעי יניקה וכן מינדפים טובים ויעילים, במקומות העבודה השונים בהם עובדים, מעבדים או משתמשים באסבסט או במוצרי אסבסט; תק'     תשנ"א-1990
10.htm	תקנות אלה;   מיום 24.11.1990 תק' תשנ"א-1990
10.htm	תקנה 2א   מיום 24.11.1990 תק' תשנ"א-1990
10.htm	הוראתו תינתן בכתב ובחתימת ידו, תוך התחשבות בגילו של העובד, באפשרויות תעסוקה חליפיות וברצונו של העובד שהובע בכתב. מיום 11.8.2000 תק' תש"ס-2000
10.htm	חוק ביטוח בריאות ממלכתי, תשנ"ד-1994
10.htm	תקנות הבטיחות בעבודה (הגבלות בהתזת אסבסט), תשל"ח-1978
10.htm	תקנות אלה; תק' תשנ"ו-1996
10.htm	הוראות בדבר דרכי הסילוק, אופן הסילוק ומקום הסילוק; הועדה הטכנית תמליץ על אפשרויות של שימוש בפסולת האסבסט. מיום 24.11.1990 תק' תשנ"א-1990
10.htm	תקנות אלה במשך 30 שנים לפחות מיום ביצוען; המעבדה תשלח העתק מתוצאות הבדיקות, עם קבלתן, למפקח עבודה אזורי וליושב ראש הועדה הטכנית.   מיום 23.4.1998
10.htm	תקנות אלה; תק'     תשמ"ח-1988
10.htm	תקנות הבטיחות בעבודה (גיהות תעסוקתית ובריאות הציבור והעובדים באבק מזיק), תשמ"ד-1984
10.htm	תקנות אלה במשך 30 שנים לפחות מיום ביצוען; המעבדה תשלח העתק מתוצאות הבדיקות, עם קבלתן, למפקח עבודה אזורי וליושב ראש הועדה הטכנית. מיום 24.11.1990
10.htm	תקנה 12 לענין הוראות מעבר. ק"ת תשנ"א מס' 5302
10.htm	תקנות אלה; (6) (7) הפיקוח הרפואי במחלקת הפיקוח על העבודה במשרד העבודה והרווחה; (8) המחלקה הרפואית לעובדי המדינה במשרד הבריאות;   מיום 25.5.1996 תק' תשנ"ו-1996
10.htm	הוראות מעבר. ק"ת תשנ"א מס' 5302
10.htm	תקנה 2ב;   "שירות רפואי מוסמך" – כל אחד מאלה: תק'     תשנ"ו-1996
10.htm	הוראות תקנה 15(ב) ו-(ד) אבחנה רנטגנית סופית ואבחנה רפואית סופית לגבי המחלות הנקובות בתקנה 20(א); תק' תשנ"א-1990
10.htm	חוק ביטוח בריאות ממלכתי, התשנ"ד-1994
10.htm	תקנת משנה 14(ז)   מיום 25.5.1996 תק' תשנ"ו-1996
10.htm	פקודת הרופאים [נוסח חדש], תשל"ז-1976
10.htm	פקודת הבטיחות בעבודה [נוסח חדש], תש"ל-1970
10.htm	תקנה 15 לענין תחילה. ת"ט מס' 5762 מיום 8.6.1996 עמ' 1050. ת"ט מס' 5772 מיום 11.7.1996 עמ' 1442. ק"ת תשנ"ח מס' 5887
10.htm	תקנה 2) ערכים של רמה מרבית תעסוקתית מותרת של אבק מזיק:                                         חשיפה משוקללת מרבית הגורם המזיק                                מותרת ל-8 שעות תק'     תשנ"א-1990
10.htm	חוק מס מקביל, התשל"ג-1973
10.htm	תקנה 2ב; מיום 24.11.1990 תק' תשנ"א-1990
10.htm	תקנות אלה; תק' תשמ"ה-1985
10.htm	תקנת משנה (ה). תק'     תשמ"ח-1988
10.htm	תקנה 2ב איסור עבודת נוער   3.    (א)  נער לא יועבד בחומר.           (ב)  בתקנה זו, "נער" – מי שטרם מלאו לו 18 שנים. נקיטת אמצעי     זהירות תק'     תש"ס-2000
10.htm	תקנות הבטיחות בעבודה (גיהות תעסוקתית ובריאות הציבור והעובדים באסבסט, טלק וצורן דו-חמצני גבישי באבק מזיק), תשמ"ד-1984
10.htm	תקנה 2ב;   מיום 23.4.1998 תק' תשנ"ח-1998
10.htm	תקנות אלה; מיום 24.11.1990 תק' תשנ"א-1990
10.htm	תקנה 15(ב) ו-(ד) אבחנה רנטגנית סופית ואבחנה רפואית סופית לגבי המחלות הנקובות בתקנה 20(א); תק' תשנ"א-1990
10.htm	תקנות אלה; תק'     תשנ"א-1990
10.htm	תקנות אלה; מיום 13.8.1988 תק' תשמ"ח-1988
11.htm	תקנות 5 או 8 ושהוא בקי בהפעלת עגורן מהסוג ודרגת העומס שלגביו הוא מבקש הסמכה. תק'     תשנ"ו-1996
11.htm	חוק רישום ציוד הנדסי, תשי"ז-1957
11.htm	תקנה 18 של התקנות הנזכרות בסעיף (ד) לעיל.               תאריך             שם המפעל               חתימה     כ"א בסיון תשנ"ב (22 ביוני 1992
11.htm	הוראות, בכל שיטה שהיא, בין ישירות לעגורנאי ובין אדם אחר כדי שהוא יעביר את ההוראות לעגורנאי, בקשר להרמת מטען בעגורן, כיוונון מטען או כיוונון אונקל העגורן; תק'     תשנ"ו-1996
11.htm	תקנות אלה; מיום 10.4.1994 תק' תשנ"ד-1994
11.htm	תקנות אלה. מיום 10.4.1994 תק' תשנ"ד-1994
11.htm	תקנות אלה; מיום 26.5.1996 תק' תשנ"ו-1996
11.htm	חוק ארגון הפיקוח על העבודה, תשי"ד-1954
11.htm	תקנות הבטיחות בעבודה (עגורנאים, מפעילי מכונות הרמה אחרות ואתתים), תשנ"ג-1992
11.htm	פקודת הבטיחות בעבודה [נוסח חדש], תש"ל-1970
11.htm	חוק מס מקביל, תשל"ג-1973
11.htm	תקנות הבטיחות בעבודה (עבודות בניה), תשמ"ח-1988
11.htm	תקנות הבטיחות בעבודה (עגורנאים, מפעילי מכונות הרמה אחרות ואתתים), תשנ"ג-1992
11.htm	תקנות הנזכרות בסעיף (ד) לעיל.               תאריך             שם המפעל               חתימה     כ"א בסיון תשנ"ב (22 ביוני 1992
12.htm	תקנות הבטיחות בעבודה (מחצבות אבן), תשכ"ה-1965
12.htm	תקנות הבטיחות בעבודה (עבודה על גגות שבירים או תלולים), תשמ"ו-1986
12.htm	פקודה;           "מנהל עבודה" - מי שנתמנה מנהל עבודה לפי תקנה 2 לתקנות הבטיחות בעבודה (עבודות בניה), תשט"ו-1955
12.htm	חוק ארגון הפיקוח על העבודה, תשי"ד-1954
12.htm	תקנות הבטיחות בעבודה (עבודות בניה), תשט"ו-1955
12.htm	פקודת הבטיחות בעבודה [נוסח חדש], תש"ל-1970
12.htm	תקנה 2 לתקנות הבטיחות בעבודה (עבודות בניה), תשט"ו-1955
13.htm	תקנה 25(2)(ב) - מעבידו של החניך לענין חוק החניכות, תשי"ג-1953
13.htm	תקנה 25 הנוסח הקודם: 25. מקום הכשרה מקצועית וכן מקום שיקום מקצועי, בהם מועסקים בעבודת כפיים לפחות 12 שעות בשבוע, מאושרים בזה לענין סעיף 16(א)(2) לחוק.   מיום 18.7.1968 תק' (מס' 4) תשכ"ח-1968
13.htm	תקנה זו אינן חלות -  (1)   אם המעביד משלם דמי ביטוח לפי שיעור שנקבע בתקנה 5 או לפי שיעור ממוצע למפעל מורכב כאמור בתקנה 3א; תק' (מס' 2)      תשל"ה-1975
13.htm	תקנה 25(3) - הקיבוץ; תק'     תשנ"ב-1991
13.htm	הוראות מיוחדות לגבי סוגי מבוטחים אישור מקומות שיקום     מקצועי והכשרה מקצועית תק' (מס' 4) תשכ"ח-1968
13.htm	תקנה זו –   תק'     תש"ם-1980
13.htm	חוק - להוציא מבוטח שהוא כבאי מתנדב כמשמעותו בסעיף 1 לחוק שירותי הכבאות, תשי"ט-1959
13.htm	חוק.   מיום 15.3.1973 תק' תשל"ג-1973
13.htm	תקנה 25(4) - המוסד להשכלה גבוהה; תק'     תשנ"ב-1991
13.htm	תקנה זו - "רופא מוסמך" - כמשמעותו בתקנות הביטוח הלאומי (קביעת דרגת נכות לנפגעי עבודה), תשט"ז-1956
13.htm	חוק, כל עוד הוא בחוץ לארץ. תק'     תשט"ז-1956
13.htm	תקנה 2 לענין תחילה. מס' 4340 מיום 26.4.1982 עמ' 907 – תק' (מס' 2) תשמ"ב-1982
13.htm	חוק, כפול שניים. תק' (מס' 2)      תשכ"ה-1965
13.htm	פקודת בריאות העם, 1940, יראו כמעבידו את בעל בית החולים; תק' (מס' 2)      תשכ"ח-1968
13.htm	תקנה 25א   מיום 15.3.1973 תק' תשל"ג-1973
13.htm	תקנה זו - מפעל המסווג בתוספת הראשונה בקבוצות וסעיפי סיכון בענפים: 7, 5, 4, 3, 2, 1, 0. תק' (מס' 2)      תשל"ה-1975
13.htm	תקנות הביטוח הלאומי (עיגול גמלאות), תשל"ו-1976
13.htm	תקנה זו, "ילד" - עד גיל עשר, או בכל גיל שמחמת ליקוי גופני או נפשי זקוק הוא לליווי. מיום 13.6.1974 תק' (מס' 3) תשל"ד-1974
13.htm	חוק השבות, תש"י-1950
13.htm	תקנה זו - "רופא מוסמך" - כמשמעותו בתקנות הביטוח הלאומי (קביעת דרגת נכות לנפגעי עבודה), תשט"ז-1956
13.htm	תקנה 7 לענין תחילה. מס' 929 מיום 30.7.1959 עמ' 1744 – תק' (מס' 2) תשי"ט-1959
13.htm	הוראות תקנה זו אינן חלות -  (1)   אם המעביד משלם דמי ביטוח לפי שיעור שנקבע בתקנה 5 או לפי שיעור ממוצע למפעל מורכב כאמור בתקנה 3א; תק' (מס' 2)      תשל"ה-1975
13.htm	תקנות משנה 6(ג), 6(ד)   מיום 12.11.1959 תק' תש"ך-1959
13.htm	חוק עבודת הנוער, תשי"ג-1953
13.htm	חוק החניכות).   מיום 15.3.1973 תק' תשל"ג-1973
13.htm	תקנות הביטוח הלאומי (קביעת דרגת נכות לנפגעי עבודה), תשט"ז-1956
13.htm	תקנות 332 ו-334 לתקנות בתי הסוהר לא יראוה כשירות רגיל.   מיום 3.8.1967 תק' (מס' 3) תשכ"ז-1967
13.htm	חוק, כפול עשרה כפול שניים. הודעה מאת המעביד תק' (מס' 3)      תשכ"ה-1965
13.htm	חוק להוציא מבוטח המצוי במקום הכשרה מקצועית להוציא מבוטח שהוא כבאי מתנדב כמשמעותו בסעיף 1 לחוק שירותי הכבאות, תשי"ט-1959
13.htm	תקנה 43א   מיום 18.5.1972 תק' (מס' 2) תשל"ב-1972
13.htm	הוראות סעיף 14(א)(1) לחוק, בשינויים המחוייבים לפי הענין. לענין תקנה זו, רואים כהכשרה מעשית גם שיעורי מקצוע הניתנים לפי חוק החניכות, תשי"ג-1953
13.htm	תקנה 23א   מיום 30.7.1998 תק' תשנ"ח-1998
13.htm	חוק תשולם אחת לחודש ומענק לפי הסעיפים האמורים ישולם תוך חודש ימים מתאריך קביעת הזכות למענק וסכומו. תק'     תשנ"ח-1998
13.htm	תקנה זו -  "עולה" - תושב ישראל שעלה לפי חוק השבות, תש"י-1950
13.htm	חוק: אם מקום תשלום השכר והזמן לגבייתו נקבעו על ידי המעביד בדרך כלל או במיוחד לפני קרות התאונה; מקום אחר שבו     נמצא ילד תק' (מס' 3)      תשל"ד-1974
13.htm	תקנה 2 לענין תחילה. מס' 1178 מיום 20.7.1961 עמ' 2434 – תק' (מס' 3) תשכ"א-1961
13.htm	תקנה 34 הנוסח הקודם: דמי פגיעה וקצבה לאסיר או לעציר 34. אסיר או עציר כאמור בתקנה 31 לא ישלם לו המוסד דמי פגיעה וקצבה לפי הסעיפים 20 ו-21 לחוק.   מיום 15.3.1973 תק' תשל"ג-1973
13.htm	תקנות בתי הסוהר תשכ"ז-1967
13.htm	חוק פטור מהגשת הצהרה לפי תקנה 8 לתקנות הביטוח הלאומי (גביית דמי הביטוח) תשי"ד-1954
13.htm	תקנה 16 לתקנות בתי הסוהר, תשכ"ז-1966
13.htm	חוק, ישלם דמי ביטוח מפני פגיעה בעבודה בשיעור של 75% מהאמור בתקנת משנה (א).   מיום 31.3.1975 תק' (מס' 2) תשל"ה-1975
13.htm	חוק האמור; תק' (מס' 3) תשכ"ה-1965
13.htm	תקנה 3א   מיום 1.4.1964 תק' (מס' 2) תשכ"ד-1964
13.htm	חוק החניכות. (ב) לענין תקנה 25(2)(ב) - מעבידו של החניך לענין חוק החניכות, תשי"ג-1953
13.htm	תקנה 25 וכן מבוטח כאמור בתקנה 26 (1א) ו-(1ב) – הם 0.4% מסכום הכנסת מינימום לפי פרט 1 בלוח י"א לחוק, כפול עשרה.   מיום 6.1.1974 תק' (מס' 2) תשל"ד-1974
13.htm	תקנת משנה (א) ייערך לראשונה בעד התקופה של שלוש שנים המסתיימת ביום כ"ח באדר ב' תשי"ז (31 במרס 1957
13.htm	תקנה 15 בתקנות הביטוח הלאומי (בדיקות רפואיות), תשכ"ה-1965
13.htm	חוק והוא אושר לכך על ידי שר העבודה. מיום 17.3.1955 תק' תשט"ו-1955
13.htm	חוק (מס' 3)      תשכ"ה-1965
13.htm	חוק הביטוח הלאומי, תשי"ד-1953
13.htm	תקנות הביטוח הלאומי (גביית דמי הביטוח) תשי"ד-1954
13.htm	תקנה זו, רואים כהכשרה מעשית גם שיעורי מקצוע הניתנים לפי חוק החניכות, תשי"ג-1953
13.htm	חוק החניכות, תשי"ג-1953
13.htm	תקנה זו -   "תקופת האיזון" – תקופה של שנתיים רצופות; הראשונה בתקופות ראשיתה ביום כ"ב באדר ב' תשי"ט (1 באפריל 1959
13.htm	תקנה 40, תאושר גם תקופת אי כשרו של הנפגע לעבודתו או לעבודה מתאימה אחרת על ידי המעביד, הטייס, המפקד או רב החובל, לפי הענין. תנאים לפיהם     תיחשב תאונה כתאונת עבודה תק' (מס' 3)      תשכ"ה-1965
13.htm	תקנה 18 הנוסח הקודם: ההודעה כתביעה 18. צוין בהודעה לפי תקנה 8 שהמבוטח שנפגע או שהתלויים בו תובעים גמלה לפי חלק ב' לחוק, יראו את ההודעה כתביעת גימלה. תק'     תשנ"ח-1998
13.htm	תקנה 2, של מי שאינו חבר בקיבוץ או במושב שיתופי, ענף או שירות לא חקלאיים שאינם מיועדים בעיקרם לצריכה או לשימוש העצמיים של הקבוץ או המושב השיתופי או חבריהם. תק' תשכ"ג-1963
13.htm	חוק, ישלם דמי ביטוח מפני פגיעה בעבודה בשיעור של 85% מהאמור בתקנת משנה (א)[1]. מיום 17.3.1955 תק' תשט"ו-1955
13.htm	תקנה 3(1) לתקנות הביטוח הלאומי (עיגול גמלאות), תשל"ו-1976
13.htm	תקנה 27(ב) ו-(ד), פטור מהגשת דין וחשבון לפי תקנה 8 לתקנות הביטוח הלאומי (גביית דמי ביטוח), תשי"ד-1954
13.htm	הוראת שעה (תוקנו מס' 4434 מיום 5.12.1982 עמ' 330 – תק' (תיקון) תשמ"ג-1982
13.htm	תקנה 2 יראו כמפעל נפרד חלק ממפעל אם התקיימו בו שני אלה: (1)   הוא מתנהל בנפרד מבחינת המקום; תק'     תשכ"ג-1963
13.htm	תקנה 3 לענין תחילה. עמ' 770 – תק' (מס' 2) תשמ"א-1981
13.htm	תקנה 28א דמי פגיעה     למבוטחים לפי סעיף     16(א)(2) עד (4) תק' (מס' 2)      תשכ"ה-1965
13.htm	חוק ודרכי הוכחתה תק'     תשנ"ח-1998
13.htm	תקנת משנה (א)[1]. מיום 17.3.1955 תק' תשט"ו-1955
13.htm	תקנה זו -   "תקופת האיזון" - תקופה רצופה של שנתיים החל מיום כ"ב באדר ב' תשי"ט (1 באפריל 1959
13.htm	חוק – להוציא מבוטח שהוא כבאי מתנדב כמשמעותו בסעיף 1 לחוק שירותי הכבאות, תשי"ט-1959
13.htm	תקנת משנה (א).   מיום 31.3.1975 תק' (מס' 2) תשל"ה-1975
13.htm	חוק החניכות, תשי"ג-1953
13.htm	תקנות משנה (א)(1). תאונה בדרך חזרה     לארץ תק'     תשט"ו-1955
13.htm	הוראות מעבר (תוקנו ק"ת תשכ"ב מס' 1254
13.htm	הוראות תקנה זו אינן חלות על דמי הפגיעה ששולמו בהתאם לסעיף 14(א)(1) לחוק.  (ד) החישוב לפי תקנת משנה (א) ייערך לראשונה בעד התקופה של שלוש שנים המסתיימת ביום כ"ח באדר ב' תשי"ז (31 במרס 1957
13.htm	חוק תק'     תשנ"ח-1998
13.htm	הוראות מעבר. מס' 1573 מיום 30.4.1964 עמ' 1151 – תק' (מס' 3) תשכ"ד-1964
13.htm	חוק, להוציא כבאי מתנדב, אינו זכאי לדמי פגיעה, אלא אם כתוצאה מהפגיעה בעבודה נגרע מהכנסתו במשלח ידו. מיום 1.4.1965 תק' (מס' 2) תשכ"ה-1965
13.htm	תקנת משנה (א).   מיום 1.10.1982 תק' תשמ"ג-1982
13.htm	חוק  הם 0.2% מהסכום שלפיו משתלמים דמי ביטוח לפי סעיף 39(ב) לחוק כפי ששונה בתקנות לפי סעיף 45(א) לחוק, כפול שלושה כפול חמישה.   מיום 1.4.1964 תק' (מס' 2) תשכ"ד-1964
13.htm	תקנה 25(2)(ב) וכן מבוטח כאמור בתקנה 26 (1א) ו-(1ב) – הם 0.4% מסכום הכנסת מינימום לפי פרט 1 בלוח י"א לחוק, כפול עשרה כפול שניים. הודעה מאת המעביד תק' (מס' 3)      תשכ"ה-1965
13.htm	חוק, ישלם דמי ביטוח מפני פגיעה בעבודה בשיעור של 75% 85% מהאמור בתקנת משנה (א).   מפעל נפרד תק'     תשי"ז-1956
13.htm	תקנה 19 הנוסח הקודם: המצאת מסמכים להוכחת הזכות לגימלה 19. לכל תביעה יצורפו המסמכים והתעודות להוכחת זכותו של התובע גימלה. תק'     תשנ"ח-1998
13.htm	תקנה 3 לענין תחילה. מס' 997 מיום 17.3.1960 עמ' 857 – תק' (מס' 5) תש"ך-1960
13.htm	חוק, כפול עשרה.   מיום 6.1.1974 תק' (מס' 2) תשל"ד-1974
13.htm	תקנה 26(1ב)(2) ייקבעו בהסכם בין המוסד לבין משרד העבודה. מיום 1.10.1962 תק' (מס' 5) תשכ"ב-1962
13.htm	חוק. הנדרש חייב למסור את הפרטים בכתב בחתימת ידו או בעל פה בפני פקיד המוסד ולאשרם בחתימת ידו. דו"ח של     המעביד תק' תשי"ט-1959
13.htm	תקנות הביטוח הלאומי (קביעת דרגת נכות לנפגעי עבודה), תשט"ז-1956
13.htm	חוק המועצה להשכלה גבוהה, תשי"ח-1958
13.htm	חוק, יראו את ההודעה כתביעת גימלה. תק'     תשנ"ח-1998
13.htm	חוק, כפול עשרה.   מיום 13.6.1974 תק' (מס' 3) תשל"ד-1974
13.htm	חוק.   מיום 18.7.1968 תק' (מס' 4) תשכ"ח-1968
13.htm	חוק, למעט מבוטח כאמור בתקנה 27(ב) ו-(ד), פטור מהגשת דין וחשבון לפי תקנה 8 לתקנות הביטוח הלאומי (גביית דמי ביטוח), תשי"ד-1954
13.htm	חוק יגיש תביעתו לפי טופס שאפשר להשיגו בכל אחד מסניפי המוסד. תק'     תשנ"ח-1998
13.htm	תקנות הביטוח הלאומי (בדיקות רפואיות), תשכ"ה-1965
13.htm	חוק: אם מקום תשלום השכר והזמן לגבייתו נקבעו על ידי המעביד בדרך כלל או במיוחד לפני קרות התאונה; תק' (מס' 2)      תשל"ב-1972
13.htm	תקנה 25(2)(ב) וכן מבוטח כאמור בתקנה 26(1א) ו-(1ב) - הם 0.4% מסכום הכנסת מינימום לפי פרט 1 בלוח י"א לחוק, כפול שניים. תק' (מס' 2)      תשכ"ה-1965
13.htm	הוראות סעיף 14(א)(1) לחוק, בשינויים המחוייבים לפי הענין. לענין תקנה זו, רואים כהכשרה מעשית גם שיעורי מקצוע הניתנים לפי חוק החניכות, תשי"ג-1953
13.htm	תקנות הביטוח הלאומי (גביית דמי ביטוח), תשי"ד-1954
13.htm	תקנה 4 לענין הוראות מעבר (תוקנו ק"ת תשכ"ב מס' 1254
13.htm	פקודת בריאות העם, 1940, יראו כמעבידו את בעל בית החולים;   מיום 11.1.1968 תק' (מס' 2) תשכ"ח-1968
13.htm	תקנה 25(5) - המוסד הרפואי. תק' (מס' 3) תשכ"ה-1965
13.htm	תקנות לפי סעיף 45(א) לחוק, כפול חמישה הם 0.4% מסכום הכנסת מינימום לפי פרט 1 בלוח י"א לחוק, כפול חמישה.   מיום 15.3.1973 תק' תשל"ג-1973
13.htm	תקנה 16 לתקנות בתי הסוהר תשכ"ז-1967
13.htm	תקנת משנה (א), ישולמו דמי הפגיעה על ידי המעביד, במועדים בהם הוא נוהג לשלם שכר לעובדיו והמוסד יחזיר למעביד את הסכומים שהוא שילם, לאחר שהמציא הוכחות על התשלום. תק' (מס' 3) תשכ"ה-1965
13.htm	חוק (להלן – שירות רפואי מוסמך), על תוצאות הפגיעה ועל תקופת אי כשרו של המבוטח לעבודתו או לעבודה מתאימה אחרת. צירוף אישור     רפואי של תושב אזור מוחזק תק'     תשל"ז-1977
13.htm	תקנה 3, רשאי המעביד לבקש מהמוסד ששיעור דמי הביטוח המשתלמים על ידיו, יהיה הממוצע המתקבל משיעורי דמי הביטוח שבכל מפעל נפרד. תק' (מס' 2)     תשכ"ד-1964
13.htm	תקנה 25 כאמור בתקנה 25(2)(ב) וכן מבוטח כאמור בתקנה 26 (1א) ו-(1ב) – הם 0.4% מסכום הכנסת מינימום לפי פרט 1 בלוח י"א לחוק, כפול עשרה.   מיום 13.6.1974 תק' (מס' 3) תשל"ד-1974
13.htm	תקנת משנה 22(ג) תק'     תשנ"ח-1998
13.htm	תקנה 28 הנוסח הקודם: פטור מהצהרת שכר 28. מעבידו של מבוטח לפי סעיף 16(א)(2) עד (6) לחוק פטור מהגשת הצהרה לפי תקנה 8 לתקנות הביטוח הלאומי (גביית דמי הביטוח) תשי"ד-1954
13.htm	תקנות שעת חירום לגיוס כוח אדם, תש"ח-1948
13.htm	תקנה 17 הנוסח הקודם: תביעת גימלה 17. התובע גימלה לפי חלק ב' לחוק יגיש תביעתו לפי טופס שאפשר להשיגו בכל אחד מסניפי המוסד. תק'     תשנ"ח-1998
13.htm	תקנות 6, 7 לענין תחילה והוראות מעבר. מס' 1573 מיום 30.4.1964 עמ' 1151 – תק' (מס' 3) תשכ"ד-1964
13.htm	חוק - את המדינה, ואם הוא מצוי בהכשרה מקצועית או בשיקום מקצועי - את מי שנחשב כמעביד לגבי מבוטח המצוי בהכשרה מקצועית או בשיקום מקצועי. מיום 1.4.1964 תק' (מס' 2) תשכ"ד-1964
13.htm	חוק שירות התעסוקה - תשי"ט-1959
13.htm	תקנה 40, תאושר גם תקופת אי כשרו של הנפגע לעבודתו או לעבודה מתאימה אחרת על ידי המעביד, הטייס, המפקד או רב החובל, לפי הענין. מיום 23.3.1967 תק' (מס' 2) תשכ"ז-1967
13.htm	חוק, ישלם דמי-ביטוח מפני פגיעה בעבודה בשיעור של 75% מהאמור בתקנת משנה (א).   מיום 1.10.1982 תק' תשמ"ג-1982
13.htm	חוק, על תוצאות הפגיעה ועל תקופת אי כושרו לעבודתו או לעבודה מתאימה אחרת. מיום 31.3.1977 תק' תשל"ז-1977
13.htm	חוק, כפול חמישה.  (א) דמי הביטוח בעד מבוטח לפי סעיף 31(א)(3) עד (8) לחוק – להוציא מבוטח שהוא כבאי מתנדב כמשמעותו בסעיף 1 לחוק שירותי הכבאות, תשי"ט-1959
13.htm	חוק. תק' (מס' 2)      תשכ"ז-1967
13.htm	תקנת משנה (א) יהיה זכאי לעמלה בשיעור של 2.5% מדמי הפגיעה ששולמו על ידיו בשם המוסד. מיום 23.9.1965 תק' (מס' 3) תשכ"ה-1965
13.htm	תקנה זו, רואים כהכשרה מעשית גם שיעורי מקצוע הניתנים לפי חוק החניכות, תשי"ג-1953
13.htm	חוק להוציא מבוטח שהוא כבאי מתנדב כמשמעותו בסעיף 1 לחוק שירותי הכבאות, תשי"ט-1959
13.htm	חוק.  (ד) החישוב לפי תקנת משנה (א) ייערך לראשונה בעד התקופה של שלוש שנים המסתיימת ביום כ"ח באדר ב' תשי"ז (31 במרס 1957
13.htm	הוראת שעה (מס' 2) תשמ"ג-1982
13.htm	תקנות בריאות העם (אישפוז בבית חולים), תשמ"א-1980
13.htm	חוק מס מקביל, תשל"ג-1973
13.htm	חוק עבודת הנוער, תשי"ג-1953
13.htm	הוראות תקנה 40, תאושר גם תקופת אי כשרו של הנפגע לעבודתו או לעבודה מתאימה אחרת על ידי המעביד, הטייס, המפקד או רב החובל, לפי הענין. מיום 23.3.1967 תק' (מס' 2) תשכ"ז-1967
13.htm	תקנה 3 לענין הוראת שעה (תוקנו מס' 4434 מיום 5.12.1982 עמ' 330 – תק' (תיקון) תשמ"ג-1982
13.htm	תקנות 332 ו-334 לתקנות בתי הסוהר בהתאם לתקנה 16 לתקנות בתי הסוהר, תשכ"ז-1966
13.htm	תקנה 2 לענין תחילה. מס' 956 מיום 12.11.1959 עמ' 153 – תק' (מס' 2) תש"ך-1959
13.htm	תקנות אלה ייקרא "תקנות הביטוח הלאומי (ביטוח מפני פגיעה בעבודה), תשי"ד-1954
13.htm	חוק: (1) מועסק בו אדם בעבודת כפיים לפחות 8 שעות בשבוע; (2) ניתנת בו הכשרה מעשית על ידי עבודת כפיים לפי חוק החניכות, תשי"ג-1953
13.htm	תקנה 24א   מיום 1.1.1976 תק' תשל"ו-1976
13.htm	תקנת משנה (ב) לגבי תקופת האיזון המסתיימת ביום י"ד בניסן תש"ם (1 באפריל 1980
13.htm	תקנת משנה (א).   מפעל נפרד תק'     תשי"ז-1956
13.htm	תקנות הביטוח הלאומי (ביטוח מפני פגיעה בעבודה), תשי"ד-1954
13.htm	תקנת משנה (א). מיום 20.12.1956 תק' תשי"ז-1956
13.htm	חוק כפי ששונה בתקנות לפי סעיף 45(א) לחוק, כפול חמישה הם 0.4% מסכום הכנסת מינימום לפי פרט 1 בלוח י"א לחוק, כפול חמישה.   מיום 15.3.1973 תק' תשל"ג-1973
13.htm	תקנות לפי סעיף 45(א) לחוק, כפול שלושה כפול חמישה.   מיום 1.4.1964 תק' (מס' 2) תשכ"ד-1964
13.htm	תקנת משנה (א).   מיום 1.4.1965 תק' (מס' 2) תשכ"ה-1965
14.htm	תקנות אלה: הגדרות   1.    בתקנות אלה:           "רעש מזיק" – רעש שמפלסו גבוה מהערכים המותרים בתקנות אלה העלול לגרום לנזק בריאות לעובד החשוף לו במקום עבודתו; תק' תשנ"ה-1995
14.htm	חוק ביטוח בריאות ממלכתי, תשנ"ד-1994
14.htm	תקנות אלה; מיום 4.5.2000 תק' תש"ס-2000
14.htm	חוק בריאות ממלכתי, תשנ"ד-1994
14.htm	תקנות אלה; תק'     תשנ"ה-1995
14.htm	תקנה 2) תק'     תשנ"ה-1995
14.htm	תקנות, כולן או מקצתן, ורשאי הוא לעשות כן לתקופה קצובה, במגבלות ובתנאים אשר יורה. מיום 4.5.2000 תק' תש"ס-2000
14.htm	הוראת   מעבר Go 6 סעיף   16  תחילה Go 6    תקנות הבטיחות בעבודה (גיהות תעסוקתית ובריאות העובדים ברעש),  תשמ"ד-1984
14.htm	תקנות הבטיחות בעבודה (גיהות תעסוקתית ובריאות העובדים ברעש),  תשמ"ד-1984
14.htm	פקודת הבטיחות בעבודה [נוסח חדש], תש"ל-1970
14.htm	תקנות אלה; מיום 17.10.1991 תק' תשנ"ב-1991
14.htm	חוק מס מקביל, התשל"ג-1973
14.htm	תקנות הבטיחות בעבודה (גיהות תעסוקתית ובריאות העובדים ברעש),  תשמ"ד-1984
14.htm	תקנת משנה (א). מיום 4.5.2000 תק' תש"ס-2000
14.htm	תקנות אלה;                     "שירות רפואי מוסמך" – כל אחד מאלה: (1)   לשכת בריאות מחוזית או נפתית של משרד הבריאות; תק'     תש"ס-2000
15.htm	תקנות מחלות מקצוע (חובת הודעה – רשימה נוספת), תש"ם-1980
15.htm	הוראות סעיף 5 לפקודה יחולו לגבי מחלות המקצוע המפורטות בתוספת, בנוסף למחלות המקצוע המפורטות בתוספת השלישית לפקודה. ביטול   3.    תקנות מחלות מקצוע (חובת הודעה - רשימה נוספת), תשכ"ח-1968
16.htm	פקודת התעבורה, ותקנות התעבורה, תשכ"א-1961
16.htm	תקנות חומרי נפץ (מסחר, העברה, ייצור, החסנה ושימוש), תשנ"ד-1994
16.htm	חוק כי דינם כדין גופים פטורים, ועל קניה ומכירה של חומרי נפץ בידי כל אחד מאלה. מיום 21.3.1996 תק' תשנ"ו-1996
16.htm	חוק), וסעיפים 173 ו-216 לפקודת הבטיחות בעבודה [נוסח חדש], תש"ל-1970
16.htm	חוק רישוי עסקים, תשכ"ח-1968
16.htm	תקנות רישוי עסקים (אחסנת נפט), תשל"ז-1976
16.htm	חוק חומרי נפץ, תשי"ד-1954
16.htm	פקודה), וסעיף 11א לחוק רישוי עסקים, תשכ"ח-1968
16.htm	פקודת הבטיחות בעבודה [נוסח חדש], תש"ל-1970
16.htm	חוק חומרי נפץ, תשי"ד-1954
17.htm	תקנות הגנת הצומח (הסדר, יבוא ומכירה של תכשירים כימיים),   התשנ"ה-1994
17.htm	תקנות הבטיחות בעבודה (ציוד מגן אישי), תשנ"ז-1997
17.htm	תקנות אלה: הגדרות   1.    בתקנות אלה –           "ממונה על העבודה" - לרבות "מנהל עבודה" כמשמעותו בתקנות הבטיחות בעבודה (עבודות בניה), תשמ"ח-1988
17.htm	תקנות ארגון הפיקוח על העבודה (ניטור סביבתי וניטור ביולוגי של עובדים   בגורמים מזיקים), התשנ"א-1990
17.htm	תקנות הבניה), ו"מנהל מחצבה" כמשמעותו בתקנות הבטיחות בעבודה (מחצבות אבן), תשכ"ה-1965
17.htm	תקנות הגנת הצומח (הסדר יבוא   ומכירה של תכשירים כימיים), התשנ"ה-1994
17.htm	חוק ארגון הפיקוח על העבודה, תשי"ד-1954
17.htm	תקנות   הבטיחות בעבודה (גיהות תעסוקתית ובריאות העובדים בחומרי הדברה שהם זרחנים   אורגניים וקרבמטיים), התשנ"ג-1992
17.htm	פקודה, "מבצע בניה" כמשמעותו בתקנות הבניה, וכן "המחזיק במקום העבודה" כמשמעותו בחוק ארגון הפיקוח על העבודה, תשי"ד-1954
17.htm	חוק-יסוד: הממשלה, וסעיף 2(ב) לחוק העונשין, תשל"ז-1977
17.htm	פקודת הבטיחות בעבודה [נוסח חדש], תש"ל-1970
17.htm	תקנות הגנת הצומח (הסדר, יבוא   ומכירה של תכשירים כימיים), התשנ"ה-1994
17.htm	תקנות החשמל (עבודה במיתקנים חשמליים חיים),   התשכ"ז-1967
17.htm	פקודה), ובאישור ועדת העבודה הרווחה של הכנסת לפי סעיף 48(א) לחוק-יסוד: הממשלה, וסעיף 2(ב) לחוק העונשין, תשל"ז-1977
17.htm	תקנות הבניה, וכן "המחזיק במקום העבודה" כמשמעותו בחוק ארגון הפיקוח על העבודה, תשי"ד-1954
17.htm	תקנות   הבטיחות בעבודה (עובדים בחמרי הדברה), התשכ"ד-1964
18.htm	פקודה), והסעיפים 14 (א) ו-2(ד) לפקודת סדרי השלטון והמשפט, תש"ח-1948
18.htm	פקודת התאונות ומחלות משלח-יד (הודעה), 1945 (להלן - הפקודה), והסעיפים 14 (א) ו-2(ד) לפקודת סדרי השלטון והמשפט, תש"ח-1948
18.htm	תקנות התאונות ומחלות משלח-היד (הודעה על מקרים מסוכנים במקומות עבודה), תשי"א-1951
18.htm	פקודה סעיף 1  2 Go השם סעיף 2  2 Go תוספת     תקנות התאונות ומחלות משלח-היד (הודעה על מקרים מסוכנים במקומות עבודה), תשי"א-1951
19.htm	הוראות תקנות בריאות העם (מעבדות רפואיות), תשל"ז-1977
19.htm	תקנת משנה (א)(3), (4), (5) ו-(6) יבוצעו במעבדה רפואית, ובדיקות המעבדה המפורטות בתקנת משנה (א)(11) יבוצעו במעבדה לבדיקות טוקסיקולוגיות. מיום 7.4.1999 תק' תשנ"ט-1999
19.htm	תקנה 1) שמות המתכות המסוימות, תרכובותיהן, ונוסחאותיהן הכימיות מיום 7.4.1999 תק' תשנ"ט-1999
19.htm	תקנות הבטיחות בעבודה (ניטור סביבתי וניטור ביולוגי של עובדים בגורמים מזיקים), התשע"א-2011
19.htm	תקנות הניטור; (9)   אי-התאמה אחרת לדעת הרופא המורשה הבודק. מיום 24.10.2002 תק' תשס"ב-2002
19.htm	תקנות אלה, אצל עובדים החשופים או עומדים להיות חשופים למתכת; תק'     תשנ"ט-1999
19.htm	תקנות אלה. מיום 7.4.1999 תק' תשנ"ט-1999
19.htm	תקנות אלה; חשיפה למתכת תק' תשע"א-2011
19.htm	הוראות תקנות רישוי עסקים (מעבדות רפואיות), תשל"ז-1977
19.htm	חוק בריאות ממלכתי, תשנ"ד-1994
19.htm	חוק ארגון הפיקוח על העבודה, תשי"ד-1954
19.htm	תקנות הניטור; חובת ניהול כרטיס     בדיקות רפואיות תק' תשע"א-2011
19.htm	תקנות הבטיחות בעבודה (גיהות תעסוקתית ובריאות העובדים במתכות מסויימות), תשנ"ג-1993
19.htm	תקנות בריאות העם (מעבדות רפואיות), תשל"ז-1977
19.htm	תקנות הבטיחות בעבודה (גיהות תעסוקתית ובריאות העובדים במתכות מסויימות), תשנ"ג-1993
19.htm	תקנה 2א רישום ופרסום     תוצאות הבדיקות תק'     תשס"ב-2002
19.htm	תקנות 1 ו-2א(ד)) מיום 24.10.2002 תק' תשס"ב-2002
19.htm	פקודת הבטיחות בעבודה [נוסח חדש], תש"ל-1970
19.htm	חוק מס מקביל, התשל"ג-1973
19.htm	תקנות רופאי השיניים (הגדרת תחום עבודתם של טכנאי השיניים והסדרתה), תשמ"ו-1986
19.htm	תקנות אלה; תק'     תשנ"ט-1999
19.htm	תקנות רישוי עסקים (מעבדות רפואיות), תשל"ז-1977
19.htm	תקנה 16א   פטור תק'     תשס"ב-2002
19.htm	תקנות הניטור; חריגה מעל ערכי ה-BEI, מהווה הוראה החלטית לאי-התאמה, גם בהעדר ממצאים קליניים או מעבדתיים אחרים, לאחר שבוצעה בדיקה חוזרת תוך 15 ימים; (8)   טרם מלאו לו 18 שנים; תק' תשס"ב-2002
19.htm	תקנות, לתקופה קצובה, במגבלות ובתנאים אשר יורה. מיום 24.10.2002 תק' תשס"ב-2002
19.htm	הוראה החלטית לאי-התאמה, גם בהעדר ממצאים קליניים או מעבדתיים אחרים, לאחר שבוצעה בדיקה חוזרת תוך 15 ימים; (8)   טרם מלאו לו 18 שנים; תק' תשס"ב-2002
2.htm	חוק שירות הציבור (מתנות), התש"ם-1979
2.htm	חוק הגז (בטיחות ורישוי), תשמ"ט-1989
2.htm	חוק הנפט, תשי"ב-1952
2.htm	תקנות (תיקון מס' 6) תשס"ה-2005
2.htm	הוראות פקודה זו או תקנה לפיה, יראו את הדבר כאילו היתה הפרת הוראה לגבי כל עובד לחוד. מיום 23.8.1974 תיקון מס' 1 ס"ח תשל"ד מס' 745 מיום 23.8.1974
2.htm	חוק האמור להיות מפקח עבודה אזורי באזור שבו נמצא המפעל;  מיום 21.5.1982 תיקון מס' 3 ס"ח תשמ"ב מס' 1051
2.htm	פקודה זו חלה עליהן אלא אם נבדק ונערך תסקיר כאמור תוך עשרים וששת החדשים שקדמו לכך. מיום 23.8.1974 תיקון מס' 1 ס"ח תשל"ד מס' 745 מיום 23.8.1974
2.htm	פקודת סדרי השלטון והמשפט, תש"ח-1948
2.htm	פקודה זו חלה עליהן, אלא אם נבדק ונערכו תסקירים כאמור תוך ארבעה עשר החדשים שקדמו לכך. מיום 23.8.1974 תיקון מס' 1 ס"ח תשל"ד מס' 745 מיום 23.8.1974
2.htm	חוק זכויות לאנשים עם מוגבלות המועסקים כמשתקמים (הוראת שעה), תשס"ז-2007
2.htm	חוק ארגון הפיקוח על העבודה" – חוק ארגון הפיקוח על העבודה, התשי"ד-1954
2.htm	הוראות כל דין, דין מי שקיבל הרשאה לביצוע תפקיד בדיקה ובקרה כדין עובד הציבור לעניין חוקים אלה: (1)  חוק העונשין, התשל"ז-1977
2.htm	תקנות או כל תעודה אחרת שהוצגה לפי פקודה זו או הפוגע בהם, דינו – קנס 500 לירות או חודש מאסר. מיום 23.8.1974 תיקון מס' 1 ס"ח תשל"ד מס' 745 מיום 23.8.1974
2.htm	תקנות לפי סעיף 47, דינו – קנס 3,000 לירות או מאסר שלושה חדשים קנס 10,000 לירות או מאסר שישה חדשים. אי-משלוח תסקיר     למפקח אזורי (תיקון מס' 1)      תשל"ד-1974
2.htm	תקנות בטיחות ובריאות בטיחות, בריאות וגיהות הגדרות (תיקון מס' 9)      תשע"ו-2016
2.htm	תקנות בדבר סדרי הדין בועדה. מיום 1.8.1981 תיקון מס' 2 ס"ח תשמ"א מס' 1025
2.htm	הוראות סעיף 195, דינו – קנס 500 לירות 1,500 לירות וקנס נוסף 20 לירות 150 לירות בעד כל יום שבו נמשכת העבירה. פגיעה בתעודה מוצגת (תיקון מס' 1)      תשל"ד-1974
2.htm	הוראות מעבר. תוקן ק"ת תשע"ח מס' 8031
2.htm	חוקים אלה: (1)  חוק העונשין, התשל"ז-1977
2.htm	פקודה על     מעליות, דרגנועים ומיתקני לחץ בחצרים שאינם מפעל (תיקון מס' 6)      תשס"ה-2005
2.htm	הוראות סעיף 65(3) לא יחולו. (תיקון מס' 2)  תשמ"א-1981
2.htm	הוראות סעיף 119א, שבו מפורש עומס העבודה הבטוח של הדרגנוע. מיום 14.7.2006 תיקון מס' 6 ס"ח תשס"ה מס' 2013
2.htm	חוק לתיקון פקודת הבטיחות בעבודה, תשל"ד-1974
2.htm	תקנתן. סימן ג': בטיחות הגישה והמעבר גישה למקום עבודה (תיקון מס' 1)      תשל"ד-1974
2.htm	הוראות סעיף 65(3) לא יחולו.  (ב) תחולתו של סעיף קטן (א) היא עד יום ט' בתמוז תשמ"ב (30 ביוני 1982
2.htm	הוראות סעיף 195, דינו – קנס 1,500 לירות וקנס נוסף 150 לירות בעד כל יום שבו נמשכת העבירה. מיום 23.8.1974 תיקון מס' 1 ס"ח תשל"ד מס' 745 מיום 23.8.1974
2.htm	חוקה חוק ומשפט של הכנסת ביום 5.8.1970 לפי סעיף 16 לפקודת סדרי השלטון והמשפט, תש"ח-1948
2.htm	הוראות בדבר מבנה הדרגנוע, דרכי הבדיקה והאישור של הדרגנוע, דרכי השימוש בדרגנוע ותחזוקתו, והכל בכפוף לתקן. מיום 14.7.2006 תיקון מס' 6 ס"ח תשס"ה מס' 2013
2.htm	חוק לתיקון פקודת הבטיחות בעבודה, תשל"ד-1974
2.htm	הוראות סעיף זה כדי לגרוע מאחריות לפי דין אחר. מיום 23.8.1974 תיקון מס' 1 ס"ח תשל"ד מס' 745 מיום 23.8.1974
2.htm	פקודה זו או תקנה לפיה, יראו את הדבר כאילו היתה הפרת הוראה לגבי כל עובד לחוד. מיום 23.8.1974 תיקון מס' 1 ס"ח תשל"ד מס' 745 מיום 23.8.1974
2.htm	חוק אחר ולא להחליפן או לגרוע מהן, זולת אם יש הוראה אחרת מפורשת. ביצוע   247.  השר ממונה על ביצוע פקודה זו. אגרות (תיקון מס' 9)      תשע"ו-2016
2.htm	תקנת מימלטים     וקיומם (תיקון מס' 1)      תשל"ד-1974
2.htm	הוראות סעיף 211(ה), דינו – קנס 5,000 לירות או מאסר שלושה חדשים. מיום 23.8.1974 תיקון מס' 1 ס"ח תשל"ד מס' 745 מיום 23.8.1974
2.htm	חוק ארגון הפיקוח על העבודה, התשי"ד-1954
2.htm	הוראת מעבר. ק"ת תשע"ח מס' 8068
2.htm	פקודת הבטיחות בעבודה, תשל"ד-1974
2.htm	חוק לתיקון פקודת הבטיחות בעבודה, תשל"ד-1974
2.htm	חוק בית הדין לעבודה, התשכ"ט-1969
2.htm	חוק התכנית הכלכלית (תיקוני חקיקה ליישום המדיניות הכלכלית לשנות התקציב 2015 ו-2016), תשע"ו-2015
2.htm	הוראת שעה (תיקון) תשע"ב-2012
2.htm	תקנות לפי סעיף 47, דינו – קנס 10,000 לירות או מאסר שישה חדשים. מיום 23.8.1974 תיקון מס' 1 ס"ח תשל"ד מס' 745 מיום 23.8.1974
2.htm	פקודה זו או הפוגע בהם, דינו – קנס 500 לירות או חודש מאסר. מיום 23.8.1974 תיקון מס' 1 ס"ח תשל"ד מס' 745 מיום 23.8.1974
2.htm	הוראות בדבר אכילה ושתיה הגדרה (תיקון מס' 1)      תשל"ד-1974
2.htm	הוראת שעה), התשס"ז-2007
2.htm	הוראת שעה בסעיף 11 לחוק זכויות לאנשים עם מוגבלות המועסקים כמשתקמים (הוראת שעה), תשס"ז-2007
2.htm	חוק ארגון הפיקוח על העבודה, תשי"ד-1954
2.htm	חוק הגז (בטיחות ורישוי), התשמ"ט-1989
2.htm	הוראה לגבי כל עובד לחוד.   סימן ב': עבירות ועונשין עונש כשלא נקבע     במפורש (תיקון מס' 1)      תשל"ד-1974
2.htm	פקודה על     סדנאות במוסדות חינוך (תיקון מס' 1)      תשל"ד-1974
2.htm	הוראות פקודה זו או תקנה לפיה, יראו את הדבר כאילו היתה הפרת הוראה לגבי כל עובד לחוד.   סימן ב': עבירות ועונשין עונש כשלא נקבע     במפורש (תיקון מס' 1)      תשל"ד-1974
2.htm	פקודה זו.           (ב)  "תופש המקום", לענין סעיף זה – לרבות בעל המקום. מיום 23.8.1974 תיקון מס' 1 ס"ח תשל"ד מס' 745 מיום 23.8.1974
2.htm	חוק התקנים, התשי"ג-1953
2.htm	הוראות סעיפים 98  ו-99, כולן או מקצתן, כל אימת שהוא משוכנע שמילוין אינו נחוץ או אינו מעשי. סימן י': דודי קיטור אישור להתקנה (תיקון מס' 1)      תשל"ד-1974
2.htm	הוראות פרק ב'1 האמור, ויציג אותם למפקח או לבודק מוסמך, לפי דרישתם. מיום 1.12.2015 תיקון מס' 8 ס"ח תשע"ו מס' 2510
2.htm	הוראות סימן זה וסעיף 119א תוך עשרים וששה חדשים שקדמו לשימוש או תוך תקופה שלא תעלה על ארבע שנים שנקבעה לפי סעיף 115(ב)(1). מיום 23.8.1974 תיקון מס' 1 ס"ח תשל"ד מס' 745 מיום 23.8.1974
2.htm	תקנות;           "סוג או הגדר", לענין מפעלים – לרבות תיאורה של קבוצת מפעלים לפי מקום הימצאם;           "עבודה רצופה" – עבודה הנמשכת ללא הפסקה של חצי שעה או יותר; (תיקון מס' 1)      תשל"ד-1974
2.htm	פקודה זו את האגודה כמעביד כמעסיק של החבר ואת החבר כעובד האגודה, אף-על-פי שהוא מקבל גמול עבודתו, כולו או מקצתו, על ידי השתתפות ברווחי האגודה או בהכנסתה ברוטו; (תיקון מס' 2)  תשמ"א-1981
2.htm	תקנות (תיקון מס' 7)      תשע"ד-2014
2.htm	הוראות פרק ב'1 לחוק הגז (בטיחות ורישוי), התשמ"ט-1989
2.htm	הוראות סימן זה. מיום 15.7.2014 תיקון מס' 7 ס"ח תשע"ד מס' 2459
2.htm	תקנות לשמירת     הבטיחות, הבריאות והגיהות בעבודה (תיקון מס' 9)      תשע"ו-2016
2.htm	הוראות סעיף 119א, את הפעלתו. מיום 14.7.2006 תיקון מס' 6 ס"ח תשס"ה מס' 2013
2.htm	חוק הגז (בטיחות ורישוי), התשמ"ט-1989
2.htm	חוק הנפט, תשי"ב-1952
2.htm	הוראות סימן זה יחולו לענין כל שרשרת, חבל או אבזר הרמה המשמשים להעלאה או להורדה של בני אדם, טובין או חמרים.           (ב)  לענין סימן זה – (תיקון מס' 2)  תשמ"א-1981
2.htm	הוראות פרק ג' סימן ו': שרשרות, חבלים ואבזרי הרמה, וסימן ז': מכונות הרמה; (תיקון מס' 2)  תשמ"א-1981
2.htm	הוראות סעיף 46 או הוראות תקנות לפי סעיף 47, דינו – קנס 10,000 לירות או מאסר שישה חדשים. מיום 23.8.1974 תיקון מס' 1 ס"ח תשל"ד מס' 745 מיום 23.8.1974
2.htm	הוראות סעיף 46 או הוראות תקנות לפי סעיף 47, דינו – קנס 3,000 לירות או מאסר שלושה חדשים קנס 10,000 לירות או מאסר שישה חדשים. אי-משלוח תסקיר     למפקח אזורי (תיקון מס' 1)      תשל"ד-1974
2.htm	תקנות.           (ט)  תקנות החלות על עובד כאמור בסעיף 8(2) או (3) לחוק השיפוט הצבאי, התשט"ו-1955
2.htm	פקודה זו או תקנה לפיה, יראו את הדבר כאילו היתה הפרת הוראה לגבי כל עובד לחוד.   סימן ב': עבירות ועונשין עונש כשלא נקבע     במפורש (תיקון מס' 1)      תשל"ד-1974
2.htm	חוק ארגון הפיקוח על העבודה (תיקון מס' 2), תשמ"ב-1982
2.htm	פקודה שפורסמה ע"ר 1946, תוס' 1 מס' 1472, עמ' 60; ס"ח 164, תשי"ד, עמ' 208; ס"ח 382, תשכ"ג, עמ' 6. תוקנה ס"ח תשל"ד מס' 745 מיום 23.8.1974
2.htm	תקנה (תיקון מס' 1)      תשל"ד-1974
2.htm	תקנה לפיה, יראו את הדבר כאילו היתה הפרת הוראה לגבי כל עובד לחוד.   סימן ב': עבירות ועונשין עונש כשלא נקבע     במפורש (תיקון מס' 1)      תשל"ד-1974
2.htm	הוראה מהוראותיו, רשאי הוא לפטור ממנה בתנאים שייראו לו; פטור לפי סעיף זה לגבי מיתקן פלוני יהיה בתעודה, ולגבי סוג של מיתקנים יפורסם ברשומות. (תיקון מס' 6) תשס"ה-2005
2.htm	תקנות בטיחות ובריאות; (3)   הוראות פרק ח': ביצוע; (4)   הוראות פרק ט': עבירות, עונשין והליכים משפטיים. (תיקון מס' 2)  תשמ"א-1981
2.htm	הוראה לגבי כל עובד לחוד. מיום 23.8.1974 תיקון מס' 1 ס"ח תשל"ד מס' 745 מיום 23.8.1974
2.htm	הוראות כלליות לענין תסקירים מיום 23.8.1974 תיקון מס' 1 ס"ח תשל"ד מס' 745 מיום 23.8.1974
2.htm	פקודה זו לראיה על הדברים האמורים בה, אולם כל צד רשאי לדרוש שמי שעשה את האנליזה ייקרא להעיד. (תיקון מס' 1)      תשל"ד-1974
2.htm	הוראות סעיף 211(ה), דינו – קנס 1,500 לירות 5,000 לירות או מאסר שלושה חדשים.   הפרעה למפקח (תיקון מס' 1)      תשל"ד-1974
2.htm	הוראות סעיף זה כדי לגרוע מאחריות למותו של אדם או לחבלה בגופו לפי דין אחר.   מיום 1.8.1981 תיקון מס' 2 ס"ח תשמ"א מס' 1025
2.htm	פקודת הבטיחות בעבודה, תשל"ד-1974
2.htm	הוראה של סימן זה לגבי החדר הנדון בתובענה.  מיום 23.8.1974 תיקון מס' 1 ס"ח תשל"ד מס' 745 מיום 23.8.1974
2.htm	הוראות מיוחדות לענין בריאות, בטיחות ורווחה סימן א': אבק ואדים סילוק אבק ואדים (תיקון מס' 1)      תשל"ד-1974
2.htm	חוק ביטוח בריאות ממלכתי, התשנ"ד-1994
2.htm	חוק להחלפת המונח מעביד (תיקוני חקיקה), תשע"ד-2014
2.htm	תקנות לפי סעיף 47 לא יחולו על מכונות, מיתקנים או ציוד שהוחל בבנייתם לפני התקנתן. סימן ג': בטיחות הגישה והמעבר גישה למקום עבודה (תיקון מס' 1)      תשל"ד-1974
2.htm	תקנת מדי-חום וקיומם במקומות ובמצבים שיקבע.           (ב)  תקנות למפעלים לפי סעיף זה יכול שיהיו כלליות או לסוג או הגדר פלוני של מפעלים או חלקיהם.  (תיקון מס' 5)  תשמ"ט-1989
2.htm	תקנה לפיה, יראו את הדבר כאילו היתה הפרת הוראה לגבי כל עובד לחוד. מיום 23.8.1974 תיקון מס' 1 ס"ח תשל"ד מס' 745 מיום 23.8.1974
2.htm	חוק זכויות לאנשים עם מוגבלות המועסקים כמשתקמים (הוראת שעה), התשס"ז-2007
2.htm	חוק השיפוט הצבאי, התשט"ו-1955
2.htm	פקודת הבטיחות בעבודה [נוסח חדש], תש"ל-1970
2.htm	פקודה זו את האגודה כמעסיק של החבר ואת החבר כעובד האגודה, אף-על-פי שהוא מקבל גמול עבודתו, כולו או מקצתו, על ידי השתתפות ברווחי האגודה או בהכנסתה ברוטו; מיום 15.7.2014 תיקון מס' 7 ס"ח תשע"ד מס' 2459
2.htm	הוראות סימן זה, לרבות החלטה בבקשה לעיון חוזר כאמור בסעיף 173ה או בהשגה כאמור בסעיף 173ו, רשאי לערער עליה לפני בית הדין האזורי לעבודה, כמשמעותו בחוק בית הדין לעבודה, התשכ"ט-1969
2.htm	פקודה על     תחנות חשמל וקווי חשמל (תיקון מס' 2)  תשמ"א-1981
2.htm	פקודה זו. (תיקון מס' 1)      תשל"ד-1974
2.htm	תקנות לפי סעיף זה, שיוחדו למפעלים שעיקר עיסוקם ייצור, מילוי, החסנה, הולכה, הובלה או שיווק של גז יותקנו לאחר התייעצות עם שר האנרגיה והתשתית. מיום 1.12.1989
2.htm	תקנות בטיחות, בריאות וגיהות מיום 28.1.2016 תיקון מס' 9 ס"ח תשע"ו מס' 2525
2.htm	הוראת שעה (תיקון) תשע"ב-2012
2.htm	פקודה זו על מפעל כמשמעותו בהגדרה האמורה. (תיקון מס' 1)      תשל"ד-1974
2.htm	הוראת שעה תשס"ז-2007
2.htm	פקודת הבטיחות בעבודה, תשל"ד-1974
2.htm	חוק ארגון הפיקוח על העבודה, תשי"ד-1954
2.htm	תקנות   127. השר רשאי להתקין תקנות בדבר מימלטים מדליקה שיש להתקין למפעלים או לסוג או הגדר של מפעלים. התקנת מימלטים     וקיומם (תיקון מס' 1)      תשל"ד-1974
2.htm	תקנות הוראות בדבר מבנה הדרגנוע, דרכי הבדיקה והאישור של הדרגנוע, דרכי השימוש בדרגנוע ותחזוקתו, והכל בכפוף לתקן. מיום 14.7.2006 תיקון מס' 6 ס"ח תשס"ה מס' 2013
20.htm	תקנות הבטיחות בעבודה (עבודה על גגות שבירים או תלולים), התשמ"ו-1986
20.htm	חוק המהנדסים והאדריכלים, התשי"ח-1958
20.htm	תקנות עגורנאים" – תקנות הבטיחות בעבודה (עגורנאים, מפעילי מכונות הרמה אחרות ואתתים), התשנ"ג-1992
20.htm	תקנות עזרה ראשונה" – כמשמעותו בתקנות הבטיחות בעבודה (עזרה ראשונה במקומות עבודה), התשמ"ח-1988
20.htm	חוק ארגון הפיקוח על העבודה, התשי"ד-1954
20.htm	פקודה), ובאישור ועדת העבודה הרווחה והבריאות של הכנסת לפי סעיף 21א לחוק-יסוד: הכנסת, וסעיף 2(ב) לחוק העונשין, התשל"ז-1977
20.htm	חוק הפיקוח על העבודה; לענין זה "תקן EN" – הנחיית תקינה של השוק האירופי המשותף;           "תקנות עבודות בניה" – תקנות הבטיחות בעבודה (עבודות בניה), התשמ"ח-1988
20.htm	תקנות ציוד מגן אישי" – כמשמעותם בתקנות הבטיחות בעבודה (ציוד מגן אישי), התשנ"ז-1997
20.htm	חוק עבודת נוער, התשי"ג-1953
20.htm	תקנות הבטיחות בעבודה (עבודה בגובה), תשס"ז-2007
20.htm	תקנות הבטיחות בעבודה (עבודה בגובה), התשס"ז-2007
20.htm	חוק-יסוד: הכנסת, וסעיף 2(ב) לחוק העונשין, התשל"ז-1977
20.htm	פקודת הבטיחות בעבודה [נוסח חדש], התש"ל-1970
20.htm	תקנת מערכות תאורה והגברה; (מחק את המיותר), וכי הוא עומד בכל הדרישות המפורטות בפרקים ב' ו-ג' לתקנות הבטיחות בעבודה (עבודה בגובה), התשס"ז-2007
21.htm	חוק ארגון הפיקוח על העבודה, התשי"ד-1954
21.htm	תקנות הבטיחות בעבודה (עזרה ראשונה במקומות עבודה), התשמ"ח-1988
21.htm	תקנות ארגון הפיקוח על העבודה (ממונים על הבטיחות), התשנ"ו-1996
21.htm	תקנות הבטיחות בעבודה (גיהות תעסוקתית ובטיחות העוסקים בקרינת לייזר), התשס"ה-2005
21.htm	פקודת הבטיחות בעבודה) ובצו הבטיחות בעבודה (עבודות בנייה הנדסית), התשכ"ב-1961
21.htm	הוראה; ת"ט תשע"ג-2013
21.htm	תקנות הממונים);           "ממונה בטיחות קרינה" – כהגדרתו בתקנות הבטיחות בעבודה (גיהות תעסוקתית ובריאות העוסקים בקרינה מייננת), התשנ"ג-1992
21.htm	תקנות הבטיחות בעבודה (ניטור סביבתי וניטור ביולוגי של עובדים בגורמים מזיקים), התשע"א-2011
21.htm	פקודת הבטיחות בעבודה [נוסח חדש], התש"ל-1970
21.htm	תקנות ארגון הפיקוח על העבודה (תכנית לניהול הבטיחות), תשע"ג-2013
21.htm	תקנות הבטיחות בעבודה (גיליון בטיחות, סיווג, אריזה, תיווי וסימון של אריזות), התשנ"ח-1998
22.htm	תקנות ארגון הפיקוח על העבודה (ממונים על הבטיחות), תשנ"ו-1996
22.htm	הוראות תקנות 2, 4, 5, 6(א), 7(ג) או 11 – דינו קנס, שלא יעלה על הקבוע בסעיף 61(א)(1) לחוק העונשין, תשל"ז-1977
22.htm	תקנות 2, 4, 5, 6(א), 7(ג) או 11 – דינו קנס, שלא יעלה על הקבוע בסעיף 61(א)(1) לחוק העונשין, תשל"ז-1977
22.htm	תקנות ארגון הפיקוח על העבודה (ממונים על הבטיחות), תשכ"ה-1965
22.htm	חוק המהנדסים והאדריכלים, תשי"ח-1958
22.htm	תקנה 3.  מיום 25.2.1999 תק' תשנ"ט-1999
22.htm	תקנות ארגון הפיקוח על העבודה (תכנית בטיחות), תשמ"ד-1984
22.htm	תקנה 8(ב). מיום 25.2.1999 תק' תשנ"ט-1999
22.htm	תקנות הקודמות). תחילה   14.  תחילתן של תקנות אלו שלושה חודשים מיום פרסומן. הוראות מעבר תק' תשנ"ט-1999
22.htm	הוראה מהוראות תקנות 2, 4, 5, 6(א), 7(ג) או 11 – דינו קנס, שלא יעלה על הקבוע בסעיף 61(א)(1) לחוק העונשין, תשל"ז-1977
22.htm	תקנה 12א ביטול   13.  תקנות ארגון הפיקוח על העבודה (ממונים על הבטיחות), תשכ"ה-1965
22.htm	תקנת משנה (א), תעמוד ההתנגדות למינוי בתוקף; פסילת המינוי תהיה תקפה החל במועד שנקבע בהודעה לפי תקנה 8(ב). מיום 25.2.1999 תק' תשנ"ט-1999
22.htm	הוראות תקנות ארגון הפיקוח על העבודה (מסירת מידע והדרכת עובדים), תשמ"ד-1984
22.htm	חוק ארגון הפיקוח על העבודה, תשי"ד-1954
22.htm	פקודת הבטיחות בעבודה [נוסח חדש], תש"ל-1970
22.htm	תקנה 6(א)) ]הודעה על מינוי ממונה על הבטיחות[     כ"ה באייר תשנ"ו (14 במאי 1996
22.htm	הוראות מעבר תק' תשנ"ט-1999
22.htm	חוק העונשין, תשל"ז-1977
23.htm	תקנות ארגון הפיקוח על העבודה (מסירת מידע והדרכת עובדים), תשנ"ט-1999
23.htm	הוראה מהוראות תקנות אלה, דינו - מאסר שישה חודשים, או קנס כאמור בסעיף 61(א)(1) לחוק העונשין, תשל"ז-1977
23.htm	תקנות ארגון הפיקוח על העבודה (מסירת מידע והדרכת עובדים),  תשנ"ט-1999
23.htm	פקודת הבטיחות בעבודה [נוסח חדש], תש"ל-1970
23.htm	חוק ארגון הפיקוח על העבודה, תשי"ד-1954
24.htm	תקנות הבטיחות בעבודה (הרמת בני אדם במלגזות), תשמ"ג-1983
24.htm	פקודת הבטיחות בעבודה [נוסח חדש], תש"ל-1970
24.htm	הוראות תקנות אלה אם לדעתו הנסיבות מצדיקות זאת.   ג' בשבט תשמ"ג (17 בינואר 1983
25.htm	הוראת שעה תשע"ד-2013
25.htm	חוק שוויון זכויות לאנשים עם מוגבלות, סטייה ניכרת;   מיום 24.7.2016 תק' תשע"ו-2016
25.htm	תקנה 9 לתקנות התכנון והבניה (חישוב שטחים ואחוזי בניה בתכניות ובהיתרים), תשנ"ב-1992
25.htm	תקנות התכנון והבנייה התקנת מקומות חניה), התשמ"ג-1983
25.htm	תקנות התכנון והבנייה (בקשה להיתר, תנאיו ואגרות), התש"ל-1970
25.htm	תקנות אלה כדי לחייב מוסד תכנון לאשר מתן היתר לשימוש חורג או מתן הקלה מתכנית, אם אין בהם סטיה ניכרת מהוראות התכנית. תק'     תשע"ג-2012
25.htm	הוראת שעה) (תיקון) תשע"ט-2018
25.htm	תקנות ההתגוננות האזרחית (מפרטים לבניית מקלטים), תש"ן-1990
25.htm	תקנה 13 לתקנות אחוזי הבניה - לשטחים למטרות עיקריות; תק'     תשס"ח-2008
25.htm	תקנה זו; תק'     תשע"ג-2012
25.htm	הוראת שעה תשע"ב-2011
25.htm	תקנות אחוזי הבניה - לשטחים למטרות עיקריות; תק'     תשס"ח-2008
25.htm	תקנות 2 ו-3 יראו לגבי תכנית שהופקדה עד יום כ"ט בתמוז תשמ"ט (1 באוגוסט 1989
25.htm	הוראת שעה     תשע"ב-2011
25.htm	תקנה 9 לתקנות אחוזי הבניה, בתוספת שטחו של מרחב מוגן דירתי כמשמעו בתקנה 9(ד)(1) לתקנות האמורות; הוראת שעה     תשע"ד-2013
25.htm	חוק התכנון והבניה, תשכ"ה-1965
25.htm	תקנות התכנון והבניה (סטיה ניכרת מתכנית), תשס"ב-2002
25.htm	הוראת מעבר   9.    (א)  על אף האמור בתקנות 2 ו-3 יראו לגבי תכנית שהופקדה עד יום כ"ט בתמוז תשמ"ט (1 באוגוסט 1989
25.htm	חוק שוויון זכויות לאנשים עם מוגבלות, ייתן מוסד תכנון משקל ראוי למטרות החוק האמור, לחובות המוטלות על החייב בביצוע נגישות ולהתאמות הנדרשות למימושן. מיום 16.1.2013 תק' תשע"ג-2012
25.htm	תקנות התכנון והבנייה התקנת מקומות חניה), התשמ"ג-1983
25.htm	תקנות התכנון והבניה (בקשה להיתר, תנאיו ואגרות), תש"ל-1970
25.htm	חוק שוויון זכויות לאנשים עם מוגבלות ובכלל זה מקומות ציבוריים קיימים שהם מוסדות חינוך, מוסדות על-תיכוניים, או שניתנים בהם שירותי בריאות; מיום 16.1.2013 תק' תשע"ג-2012
25.htm	הוראת שעה     תשע"ד-2013
25.htm	חוק שוויון זכויות לאנשים עם מוגבלות, סטייה ניכרת;   מיום 27.11.2013 עד יום 1.1.2020 (עקב פיזור הכנסות ה-21 וה-22 עד יום 16.6.2020) הוראת שעה תשע"ד-2013
25.htm	הוראות פסקת משנה (ג) יחולו גם על תוספת דירות מגורים לפי פסקת משנה (ד); הוראת שעה     תשע"ב-2011
25.htm	חוק המקרקעין, התשכ"ט-1969
25.htm	תקנות התכנון והבנייה (בקשה להיתר, תנאיו ואגרות), התש"ל-1970
25.htm	חוק;           "הבנין העיקרי" – בנין המוקם בעבור השימוש הקבוע בתכנית; תק'     תשע"ג-2012
25.htm	חוק), לאחר התייעצות עם המועצה הארצית לתכנון ולבניה, אני מתקין תקנות אלה: הגדרות   1.    בתקנות אלה -  הוראת שעה     תשע"ב-2011
25.htm	תקנות אלה, כדין היתר לשימוש חורג שניתן לפני תחילתן.     ג' באייר תשס"ב (15 באפריל 2002
25.htm	הוראת שעה (תיקון) תשע"ט-2018
25.htm	תקנות התכנון והבניה (בקשה להיתר, תנאיו ואגרות), תש"ל-1970
25.htm	הוראות תקנות התכנון והבניה (סטיה ניכרת מתכנית), תשכ"ז-1967
25.htm	תקנות אלה: הגדרות   1.    בתקנות אלה -  הוראת שעה     תשע"ב-2011
25.htm	תקנות התכנון והבניה (חישוב שטחים ואחוזי בניה בתכניות ובהיתרים), תשנ"ב-1992
25.htm	הוראת שעה (תיקון) תשע"ט-2018
25.htm	הוראת   מעבר Go 7   תקנות התכנון והבניה (סטיה ניכרת מתכנית), תשס"ב-2002
25.htm	חוק שוויון זכויות לאנשים עם מוגבלות, סטייה ניכרת; מיום 16.1.2013 תק' תשע"ג-2012
25.htm	תקנות התכנון והבניה (חישוב שטחים ואחוזי בניה בתכניות ובהיתרים), התשנ"ב-1992
25.htm	תקנות התכנון והבנייה (בקשה להיתר, תנאיו ואגרות), התש"ל-1970
25.htm	תקנה 2(16) לא תחול על שימוש חורג על פי היתר שניתן לפני יום י"ט באדר א' תשנ"ב (23 בפברואר 1992
25.htm	הוראות התכנית. תק'     תשע"ג-2012
25.htm	חוק שוויון זכויות לאנשים עם מוגבלות; מיום 16.1.2013 תק' תשע"ג-2012
26.htm	תקנות הבזק והחשמל (התקרבויות והצטלבויות בין קווי בזק לבין קווי חשמל), תשמ"ו-1986
26.htm	חוק החשמל, תשי"ד-1954
26.htm	תקנות הבטיחות בעבודה (חשמל), תש"ן-1990
26.htm	תקנות הבטיחות בעבודה (חשמל), תשמ"ו-1986
26.htm	פקודת הבטיחות בעבודה [נוסח חדש], תש"ל-1970
26.htm	חוק הבזק, תשמ"ב-1982
27.htm	תקנות החשמל (הארקות ואמצעי הגנה מפני חישמול במתח עד 1000 וולט), תשנ"א-1991
27.htm	תקנות החשמל (התקנת רשתות חשמל עיליות במתח עד 1000 וולט), התשמ"ט-1989
27.htm	הוראת שעה תשס"ג-2002
27.htm	הוראות מעבר   85.  על אף האמור בתקנה 84 מותר לפעול לפי תקנות אלה בלבד החל ביום פרסומן.   תוספת (תקנה 2(ב))         ה' בתמוז התשנ"א (17 ביוני 1991
27.htm	תקנה 5 לענין הוראת מעבר. תוקנה מס' 6238 מיום 11.5.2003 עמ' 697 – הוראת שעה (תיקון) תשס"ג-2003
27.htm	חוק החשמל, התשי"ד-1954
27.htm	תקנות אלה ששה חודשים מיום פרסומן. הוראות מעבר   85.  על אף האמור בתקנה 84 מותר לפעול לפי תקנות אלה בלבד החל ביום פרסומן.   תוספת (תקנה 2(ב))         ה' בתמוז התשנ"א (17 ביוני 1991
27.htm	הוראת שעה; תחילתה 30 ימים מיום פרסומה, תוקפה לשנה ור' תקנה 5 לענין הוראת מעבר. תוקנה מס' 6238 מיום 11.5.2003 עמ' 697 – הוראת שעה (תיקון) תשס"ג-2003
27.htm	תקנה זו אינן באות לגרוע מכוחן של תקנות מדידת מים (מדי מים), התשמ"ח-1988
27.htm	הוראות תקנה זו אינן באות לגרוע מכוחן של תקנות מדידת מים (מדי מים), התשמ"ח-1988
27.htm	תקנה 84 מותר לפעול לפי תקנות אלה בלבד החל ביום פרסומן.   תוספת (תקנה 2(ב))         ה' בתמוז התשנ"א (17 ביוני 1991
27.htm	תקנה 10 לא יתוקן, בנוסף לחיבור לפי תקנת משנה (א), כל חיבור אחר בתוך המבנה בין מוליך האפס (N) לבין מוליך הארקה. מיום 26.1.1995 תק' תשנ"ה-1995
28.htm	תקנה 7, ובלבד שיש בידו תעודת סיום של קורס בנושאי בטיחות מיתקני חשמל, מתח גבוה ומתן עזרה ראשונה לנפגעי חשמל, ולאחר שעמד בהצלחה בבחינות שערכה יחידת הבחינות. מיום 26.4.1994 תק' תשנ"ד-1994
28.htm	תקנה 7, ובלבד שיש בידו תעודת סיום של קורס בנושאי בטיחות מיתקני חשמל מתח גבוה ומתן עזרה ראשונה לנפגעי חשמל ולאחר שעמד בהצלחה בבחינות שערכה יחידת הבחינות. מיום 26.4.1994 תק' תשנ"ד-1994
28.htm	תקנות החשמל (רשיונות), תשמ"ה-1985
28.htm	תקנה זו. מיום 31.3.1987 תק' תשמ"ז-1987
28.htm	תקנה זו.  (ה) בתקנה זו, "מדד" – מדד המחירים לצרכן שמפרסמת הלשכה המרכזית לסטטיסטיקה.   מיום 26.4.1994 תק' תשנ"ד-1994
28.htm	חוק החשמל, תשי"ד-1954
28.htm	תקנות אלה ביום י' בניסן תשמ"ה (1 באפריל 1985
28.htm	חוק החניכות, תשי"ג-1953
29.htm	תקנות הבטיחות בעבודה (עזרה ראשונה במקומות עבודה), תשמ"ח-1988
29.htm	תקנות הבטיחות בעבודה (עזרה ראשונה), תשל"ג-1972
29.htm	פקודת הבטיחות בעבודה [נוסח חדש], תש"ל-1970
3.htm	פקודה על הממשלה (תיקון מס' 1)      תשע"ד-2014
3.htm	חוק ארגון הפיקוח על העבודה (תיקון מס' 10), תשע"ו-2016
3.htm	חוק ארגון הפיקוח על העבודה, התשי"ד-1954
3.htm	פקודת חוקרי סיבות המוות, ולא לגרוע מהן. מיום 15.7.2014 תיקון מס' 1 ס"ח תשע"ד מס' 2459
3.htm	הוראות סעיף 3 בתקנות שהותקנו לפי פקודה זו; (תיקון     מס' 1) תשע"ד-2014
3.htm	חוק להחלפת המונח מעביד (תיקוני חקיקה), תשע"ד-2014
3.htm	תקנות שהותקנו לפי פקודה זו; (תיקון     מס' 1) תשע"ד-2014
3.htm	הוראות סעיף זה באות להוסיף על הוראות פקודת חוקרי סיבות המוות, ולא לגרוע מהן. מיום 15.7.2014 תיקון מס' 1 ס"ח תשע"ד מס' 2459
3.htm	חוק ההתייעלות הכלכלית (תיקוני חקיקה להשגת יעדי התקציב לשנת התקציב 2019), תשע"ח-2018
3.htm	חוק זה הועברו לשר הרווחה והשירותים החברתיים: י"פ תשע"ז מס' 7394
30.htm	חוק החומרים המסוכנים; "מקום עבודה" – מקום עיסוק בחומר מסוכן;           "מפקח העבודה הראשי" – כמשמעותו בחוק ארגון הפיקוח על העבודה, תשי"ד-1954
30.htm	הוראות תקן ישראלי - ת"י 2302 חלק 1 האלה: (1)   פרק א' – סעיף 1.3.1 וסעיף 1.4;  (2)   פרק ג' – סעיפים 3.2 ו-3.3, פרק ד' ונספחים א', ב' ו-ג'; מיום 28.5.2000 תק' תש"ס-2000
30.htm	הוראות גליון הבטיחות והוראות תווית הסימון.   תק'     תשס"ט-2009
30.htm	תקנות הבטיחות בעבודה (גיליון בטיחות, סיווג, אריזה, תיווי וסימון של אריזות), תשנ"ח-1998
30.htm	תקנה 2 לתקנות החומרים המסוכנים (סיווג ופטור), תשנ"ו-1996
30.htm	תקנות הבטיחות בעבודה (גיליון בטיחות) (גיליון בטיחות, סיווג, אריזה, תיווי וסימון של אריזות), תשנ"ח-1998
30.htm	תקנות בין-לאומיות כהגדרתן בסעיף 19ב בפרק הרביעי לצו הפיקוח על מצרכים ושירותים (שירותי הובלה ושירותי גרורים), תשל"ט-1978
30.htm	תקנות ארגון הפיקוח על העבודה (ניטור סביבתי וניטור ביולוגי של גורמים מזיקים), תשנ"א-1991
30.htm	תקנות אלה לא יחולו על – (1)   חומר מסוכן בכמויות או בריכוזים הפטורים כאמור בתקנה 2 לתקנות החומרים המסוכנים (סיווג ופטור), תשנ"ו-1996
30.htm	תקנות הבטיחות בעבודה (גיליון בטיחות, סיווג, אריזה, תיווי וסימון של אריזות), תשנ"ח-1998
30.htm	פקודת בריאות הציבור (מזון) [נוסח חדש], תשמ"ג-1983
30.htm	תקנות ארגון הפיקוח על העבודה (מסירת מידע והדרכת עובדים), התשנ"ט-1999
30.htm	פקודה), וסמכות השר לאיכות הסביבה לפי סעיפים 10(3), 12 ו-13 לחוק החומרים המסוכנים, תשנ"ג-1993
30.htm	תקנות   2.    מטרת תקנות אלה היא שמירה על בטיחותם ובריאותם של העובדים בחומר מסוכן ושל הנמצאים בסביבתו, ועל איכות הסביבה. צירוף גליון     בטיחות לחומר תק'     תש"ס-2000
30.htm	תקנת משנה (א) – (1)   יצרן, סוכן, יבואן או משווק, ימציא גליון בטיחות למקבל חומר מסוכן מהמפורטים בפסקאות (1), (2) או (4) בתקנת משנה (א), לפי דרישתו; תק'     תש"ס-2000
30.htm	תקנות ארגון הפיקוח על העבודה (ניטור סביבתי וניטור ביולוגי של גורמים מזיקים), תשנ"א-1990
30.htm	תקנות ארגון הפיקוח על העבודה (מסירת מידע והדרכת עובדים), התשנ"ט-1999
30.htm	חוק החומרים המסוכנים), ובהתייעצות עם שר הבריאות, שר החקלאות ושר התעשיה והמסחר ובאישור ועדת העבודה והרווחה של הכנסת, לפי סעיף 48(א) לחוק-יסוד: הממשלה, וסעיף 2(ב) לחוק העונשין, תשל"ז-1977
30.htm	פקודת הבטיחות בעבודה [נוסח חדש], תש"ל-1970
30.htm	תקנות אלה: הגדרות   1.    בתקנות אלה – תק' תש"ס-2000
30.htm	תקנת משנה (א), יוודא כי לחומר המסוכן צורף גליון בטיחות. מיום 28.5.2000 תק' תש"ס-2000
30.htm	חוק החומרים המסוכנים, תשנ"ג-1993
30.htm	פקודת הרוקחים [נוסח חדש], תשמ"א-1981
30.htm	הוראות גליון הבטיחות והוראות תווית הסימון.   מיום 26.2.2009 תק' תשס"ט-2009
30.htm	תקנות ארגון הפיקוח על העבודה (מסירת מידע והדרכת עובדים), תשמ"ד-1984
31.htm	תקנות מס מקביל (שירותי בריאות בעבודה), תשל"ג–1973
31.htm	תקנות  הבטיחות בעבודה (עזרה ראשונה), תשל"ג–1972
31.htm	תקנות האמורות; ------------ (9) פורסמו ק"ת מס' 3048 מיום כ"א באב תשל"ג (19.8.1973
31.htm	תקנה 7(א) הצהרת ויתור על סודיות רפואית לפי תקנות מס מקביל (שירותי בריאות בעבודה), תשל"ג–1973
31.htm	תקנות מס מקביל (שירותי בריאות בעבודה), תשל"ג–1973
31.htm	חוק מס מקביל, תשל"ג–1973
31.htm	הוראות לכך על פי דין יקבע את הבדיקות וההוראות לגביהם.   דרכי מתן שירותי בריאות בעבודה תק' תשל"ד–1974
31.htm	תקנות אלה. תחילה   14.  תחילתן של תקנות אלה ביום העשירי לאחר פרסומן. השם   15.  לתקנות אלה ייקרא "תקנות מס מקביל (שירותי בריאות בעבודה), תשל"ג–1973
31.htm	הוראתו של מפקח עבודה; חולקת קופת חולים על הוראות מפקח כאמור, רשאית היא לערור על כך בפני מפקח רפואי ארצי של משרד העבודה; תק' תשל"ה–1974
32.htm	תקנות החשמל (הארקות ואמצעי הגנה בפני חישמול במתח עד 1,000 וולט), התשנ"א-1991
32.htm	חוק החשמל, התשי"ד-1954
32.htm	חוק), ובאישור ועדת העבודה הרווחה והבריאות של הכנסת לפי סעיף 48(א) לחוק-יסוד: הממשלה, וסעיף 2(ב) לחוק העונשין, התשל"ז-1977
32.htm	תקנות החשמל (מיתקן חשמלי ארעי באתר בניה במתח שאינו עולה על מתח נמוך), תשס"ג-2002
32.htm	תקנות אלה תוטל על מבצע בניה כהגדרתו בתקנות הבטיחות בעבודה (עבודות בניה), התשמ"ח-1988
33.htm	הוראות מעבר תק' תשס"א-2001
33.htm	הוראות תקנות החשמל (התקנת רשתות חשמל עיליות במתח עד 1000 וולט), תשנ"ה-1995
33.htm	תקנות אלה ביום ה' בטבת תשס"ב (31 בדצמבר 2001
33.htm	חוק), ובאישור ועדת העבודה והרווחה של הכנסת לפי סעיף 48(א) לחוק-יסוד: הממשלה וסעיף 2(ב) לחוק העונשין, תשל"ז-1977
33.htm	תקנות החשמל (הארקות ואמצעי הגנה בפני חשמול במתח עד 1000 וולט), תשנ"א-1991
33.htm	חוק התקנים, תשי"ג-1953
33.htm	תקנת משנה (ב). תק' תשס"ב-2002
33.htm	תקנות אלה בלבד מיום פרסומן. מיום 9.8.2001 תק' תשס"א-2001
33.htm	חוק החשמל, תשי"ד-1954
33.htm	תקנות החשמל (התקנת כבלים במתח שאינו עולה על מתח נמוך), תש"ס-2000
33.htm	תקנת משנה (ב), ואולם ניתן להמשיך להשתמש בכבל קיים שצבעי הזיהוי של בידוד מוליכיו אינם בהתאם לתקנת משנה (ב), ובלבד שיסומנו בסימוני זיהוי, כגון שרוולים, בצבעים כאמור. תק' תשס"ב-2002
33.htm	תקנות אלה שנה מיום פרסומן ביום ה' בטבת תשס"ב (31 בדצמבר 2001
33.htm	תקנת כבלים במתח שאינו עולה על מתח נמוך), תש"ס-2000
4.htm	חוק המכר, תשכ"ח-1968
4.htm	חוק איסור לשון הרע, תשכ"ה–1965
4.htm	חוק להסדרת הביטחון בגופים ציבוריים, התשנ"ח-1998
4.htm	חוק) 1.    בנק ישראל; 2.    המוסד לביטוח לאומי; 3.    שירות התעסוקה; צו תשס"ז-2006
4.htm	פקודה זו לא יראו כפוגע בשיפוט לפי דיני האדמירליות הנתון לבית משפט בישראל, או בהוראות של החוק לתיקון סדרי הדין האזרחי (המדינה כבעל דין), תשי"ח-1958
4.htm	חוקית או מתוך אמונה סבירה ובתום לב בקיומה של הרשאה חוקית; בסעיף זה, "מעשה" – לרבות מחדל. מיום 10.2.2006 תיקון מס' 10 ס"ח תשס"ה מס' 2026
4.htm	הוראות חיקוק או לפי הוראה אחרת, לרבות אורח של תופש המקרקעין שלא על מנת לקבל פרס. אחריות כלפי מסיג גבול בשטח צבאי (תיקון מס' 4) תש"ל-1970
4.htm	חוק להסדר התדיינות בין בני-זוג, תשכ"ט-1969
4.htm	חוק הטיס (ביטחון בתעופה האזרחית), התשל"ז-1977
4.htm	הוראת סעיף 7א(א), או לשמור, על אף הוראות סעיפים 7א עד 7ג, על מעמדו כנתבע בתובענה שהוגשה נגדו. מיום 10.2.2006 תיקון מס' 10 ס"ח תשס"ה מס' 2026
4.htm	חוק המנוי בתוספת;           "תפקיד שלטוני" – תפקיד ציבורי על פי דין כמשמעותו בסעיף 15(ד)(2) לחוק-יסוד: השפיטה. מיום 10.2.2006 תיקון מס' 10 ס"ח תשס"ה מס' 2026
4.htm	חוק האמור תעבור לידי הנאמן או תמומש בידיו; (תיקון מס' 12) תשע"ח-2018
4.htm	חוק חדלות פירעון ושיקום כלכלי, התשע"ח-2018
4.htm	חוק לביטול פקודת העיתונות, תשע"ז-2017
4.htm	חוק עוולות מסחריות, תשנ"ט-1999
4.htm	חוקה חוק ומשפט של הכנסת, רשאי, בצו, לשנות את התוספת. מיום 10.2.2006 תיקון מס' 10 ס"ח תשס"ה מס' 2026
4.htm	חוק המכר, תשכ"ח-1968
4.htm	הוראה אחרת, לרבות אורח של תופש המקרקעין שלא על מנת לקבל פרס. אחריות כלפי מסיג גבול בשטח צבאי (תיקון מס' 4) תש"ל-1970
4.htm	הוראות חיקוק ובהתאם להן או שנעשה בתחום הרשאה חוקית או מתוך אמונה סבירה ובתום לב בקיומה של הרשאה חוקית; בסעיף זה, "מעשה" – לרבות מחדל. הגדרות (תיקון מס' 10) תשס"ה-2005
4.htm	הוראות סעיפים 11 עד 16. מיום 3.7.1969 תיקון מס' 2 ס"ח תשכ"ט מס' 561 מיום 3.7.1969
4.htm	הוראות סעיפים 7א עד 7ג, על מעמדו כנתבע בתובענה שהוגשה נגדו. מיום 10.2.2006 תיקון מס' 10 ס"ח תשס"ה מס' 2026
4.htm	חוק חדלות פירעון ושיקום כלכלי, תשע"ח-2018
4.htm	הוראות פקודה זו או אינם מתיישבים עמן. תחילה   93.  תחילתו של נוסח חדש זה היא ביום ט' בתשרי תשכ"ט (1 באוקטובר 1968
4.htm	חוק הגנת הפרטיות, תשמ"א-1981
4.htm	הוראות של החוק לתיקון סדרי הדין האזרחי (המדינה כבעל דין), תשי"ח-1958
4.htm	פקודת סדרי השלטון והמשפט, תש"ח-1948
4.htm	חוק לתיקון סדרי הדין האזרחי (המדינה כבעל דין), תשי"ח-1958
4.htm	פקודה זו, ובית משפט לא יפסוק פיצויים לפי פקודה זו בעד מעשה שנפסקה בעדו "דיה". ביטולים וסייגיהם (תיקון מס' 10) תשס"ה-2005
4.htm	חוק המקרקעין, תשכ"ט-1969
4.htm	פקודה זו או לפי כל דין אחר. מיום 25.3.1992 תיקון מס' 7 ס"ח תשנ"ב מס' 1391
4.htm	פקודה זו או אינם מתיישבים עמן. תחילה   93.  תחילתו של נוסח חדש זה היא ביום ט' בתשרי תשכ"ט (1 באוקטובר 1968
4.htm	פקודת העיתונות, תשע"ז-2017
4.htm	תקנות (תיקון מס' 10) תשס"ה-2005
4.htm	הוראות סעיף 19. מיום 15.9.2019 תיקון מס' 12 ס"ח תשע"ח מס' 2708
4.htm	חוקית או מתוך אמונה סבירה ובתום לב בקיומה של הרשאה חוקית; בסעיף זה, "מעשה" – לרבות מחדל. הגדרות (תיקון מס' 10) תשס"ה-2005
4.htm	הוראות חיקוק ובהתאם להן או שנעשה בתחום הרשאה חוקית או מתוך אמונה סבירה ובתום לב בקיומה של הרשאה חוקית; בסעיף זה, "מעשה" – לרבות מחדל. מיום 10.2.2006 תיקון מס' 10 ס"ח תשס"ה מס' 2026
5.htm	פקודת הבטיחות בעבודה, 1946, ובהתאם לתקנות הבטיחות (עגורני צריח), תשכ"ז-1966
5.htm	תקנות הבטיחות בעבודה (עגורני-צריח), תשכ"ז-1966
5.htm	הוראות של תקנות 38 עד 41; תק'     תש"ל-1970
5.htm	תקנה 101 הנוסח הקודם: 101. תחילתן של תקנות אלה היא ביום כ"ב באייר תשכ"ז (1 ביוני 1967
5.htm	תקנות אלה היא ביום כ"ב באייר תשכ"ז (1 ביוני 1967
5.htm	תקנה 92. מיום 16.6.1967 תק' תשכ"ז-1967
5.htm	תקנות הבטיחות בעבודה (עגורני צריח), תשכ"ז-1966
5.htm	תקנה 92) תקנות הבטיחות בעבודה (עגורני-צריח), תשכ"ז-1966
5.htm	תקנה 20 תחילתה תחילתן של הוראות תקנות 20 ו-41(א)(2) לגבי עגורן-צריח הנמצא בישראל ביום פרסומן של תקנות אלה היא ביום ל' בכסלו תשכ"ח (1 בינואר 1968
5.htm	תקנות אלה, ומותר שהפנקס יחולק למדורים בהתאם לסוגי העגורנים; תק' תשכ"ז-1967
5.htm	תקנות הבטיחות בעבודה (עגורנאים ומאותתים), תשכ"ז-1966
5.htm	תקנות אלה היא ביום כ"ב באייר תשכ"ז (1 ביוני 1967
5.htm	תקנות 2 עד 5 לתקנות הבטיחות בעבודה (עבודות בניה), תשט"ו-1955
5.htm	תקנות 20 ו-41(א)(2) לגבי עגורן-צריח הנמצא בישראל ביום פרסומן של תקנות אלה היא ביום ל' בכסלו תשכ"ח (1 בינואר 1968
5.htm	תקנות הבטיחות (עגורני צריח), תשכ"ז-1966
5.htm	תקנה 20, לגבי עגורן צריח הנמצא בישראל ביום פרסומן של תקנות אלה ברשומות – ביום כ"ב באייר תשכ"ז (1 ביוני 1967
5.htm	תקנות 6, 25(3) ו-(4), 26, 51(2) ו-86 עד 90 – ביום ל' בכסלו תשכ"ח (1 בינואר 1968
5.htm	תקנות 20 ו-41(א)(2) לגבי עגורן-צריח הנמצא בישראל ביום פרסומן של תקנות אלה היא ביום ל' בכסלו תשכ"ח (1 בינואר 1968
5.htm	תקנות 38 עד 41; תק'     תש"ל-1970
5.htm	פקודה), וסעיפים 14(א) ו-2(ד) לפקודת סדרי השלטון והמשפט, תש"ח-1948
5.htm	פקודת הבטיחות בעבודה, 1946 (להלן – הפקודה), וסעיפים 14(א) ו-2(ד) לפקודת סדרי השלטון והמשפט, תש"ח-1948
5.htm	תקנה 88) תקנות הבטיחות בעבודה (עגורני-צריח), תשכ"ז-1966
5.htm	תקנה 83   85.  החובה לקיום תקנה 83 מוטלת על העגורנאי לגבי פעולותיו הוא. פרק תשיעי: בדיקות עגורן-צריח בידי בודק מוסמך בדיקת עגורן-צריח תק'     תש"ל-1970
5.htm	הוראות תקנות 20 ו-41(א)(2) לגבי עגורן-צריח הנמצא בישראל ביום פרסומן של תקנות אלה היא ביום ל' בכסלו תשכ"ח (1 בינואר 1968
5.htm	תקנה 26) תקנות הבטיחות בעבודה (עגורני-צריח), תשכ"ז-1966
5.htm	תקנות אלה היא – (1)  תקנה 20, לגבי עגורן צריח הנמצא בישראל ביום פרסומן של תקנות אלה ברשומות – ביום כ"ב באייר תשכ"ז (1 ביוני 1967
5.htm	פקודת הבטיחות בעבודה, 1946, ובהתאם לתקנות הבטיחות בעבודה (עגורני-צריח), תשכ"ז-1966
5.htm	תקנות – ביום כ"ב באייר תשכ"ז (1 ביוני 1967
5.htm	הוראות תקנות 20 ו-41(א)(2) לגבי עגורן-צריח הנמצא בישראל ביום פרסומן של תקנות אלה היא ביום ל' בכסלו תשכ"ח (1 בינואר 1968
5.htm	תקנת משנה 20(ג)   מיום 1.10.1970 תק' תש"ל-1970
5.htm	תקנות אלה ייקרא "תקנות הבטיחות בעבודה (עגורני-צריח), תשכ"ז-1966
5.htm	תקנה 7א תנאים לרישום דגם     לא ישראלי תק'     תש"ל-1970
6.htm	הוראות תקנות אלה ולנקוט צעדים מתאימים כדי להבטיח שכל עובד ימלא אחר התקנות הנוגעות לעבודתו, אלא אם כן החובה מוטלת במפורש על מבצע הבניה.  תק'     תשנ"א-1991
6.htm	הוראות תקנת משנה (א)(2). מיום 28.7.2019 ור' סעיף 19(ב) לענין תחילה תק' תשע"ט-2019
6.htm	תקנות הבטיחות בעבודה (עבודות בניה), תשמ"ח-1988
6.htm	הוראות יצרן הפיגום, או שלא קוימו לגביו הוראות תקנות אלה, לא ישתמשו בפיגום כל עוד לא תוקן כראוי, להנחת דעתו של מנהל העבודה. שינויים בפיגום תק' תשע"ט-2019
6.htm	חוק התקנים, התשי"ג-1953
6.htm	תקנת מיתקן ההרמה על הפיגום, מתכנן הקמת פיגומים בדק את השפעת התקנת מיתקן ההרמה על גבי הפיגום על יציבות הפיגום, וקבע הוראות לחיזוק הפיגום ולשימוש במיתקן ההרמה; תק'     תשע"ט-2019
6.htm	תקנות הבטיחות בעבודה (חפירת תעלות באדמה חולית), תשכ"ב-1961
6.htm	חוק התקנים, תשי"ג-1953
6.htm	הוראות תקנות אלה והוראות יצרן הפיגום, ואם הפיגום טעון תכנון של מתכנן הקמת פיגומים – גם לפי הוראות מתכנן הקמת הפיגומים ותכנית הפיגומים. פיגום מיוחד תק' תשע"ט-2019
6.htm	הוראות היצרן ולתקן פיגומים ישראלי; החיבור ייעשה כך שימנע שקיעה, כיפוף או קריסה. תק'     תשנ"א-1991
6.htm	הוראות מעבר  תכניות ומפרטים     בעברית   194. תכניות ומפרטים לפי תקנות אלה יהיו בעברית.  תחולה תק'     תשנ"ח-1998
6.htm	הוראות פרק זה אינן באות לגרוע מן האמור בתקנות הבטיחות בעבודה (עבודה על גגות שבירים או תלולים), תשמ"ו-1986
6.htm	תקנות שהותקנו לפיו, תקנות הבטיחות בעבודה (חשמל), תשמ"ו-1986
6.htm	חוק ארגון הפיקוח על העבודה, תשי"ד-1954
6.htm	תקנות אלה ולנקוט צעדים מתאימים כדי להבטיח שכל עובד ימלא אחר התקנות הנוגעות לעבודתו, אלא אם כן החובה מוטלת במפורש על מבצע הבניה.  תק'     תשנ"א-1991
6.htm	תקנות המהנדסים והאדריכלים (רישוי וייחוד פעולות), התשכ"ז-1967
6.htm	הוראת מעבר. ק"ת תשע"ט מס' 8157
6.htm	תקנות אלה יחולו על כל עבודות בניה ובניה הנדסית. מיום 15.12.1998 תק' תשנ"ח-1998
6.htm	הוראות מעבר 197. (א) מי שהתמנה למנהל עבודה לפי תקנות הבטיחות בעבודה (עבודות בניה), התשט"ו-1955
6.htm	תקנות הבטיחות בעבודה (עבודות בניה), תשט"ו-1955
6.htm	תקנת משטחי רצפה תק'     תשע"ט-2019
6.htm	תקנה 9 ו-10, אם, לדעתו, אמצעים אלה מקנים הגנה מפני נפילת אדם או חומר ממשטח.  מיום 16.6.1992 תק' תשנ"ב-1992
6.htm	פקודה.            (ב)  תסקיר הבדיקה יימצא באתר הבניה בצמוד לפנקס הכללי.  מיום 29.8.1991 תק' תשנ"א-1991
6.htm	תקנת דיפון או חובת נקיטת אמצעים אחרים למניעת התמוטטות דפנות אינה חלה על חפירה המתבצעת באמצעות מכונה שאינה מצריכה הימצאות אדם בחפירה.  מיום 29.8.1991 תק' תשנ"א-1991
6.htm	הוראות היצרן. תק' תשע"ט-2019
6.htm	חוק החשמל, תשי"ד-1954
6.htm	תקנת משנה (א)(2). מיום 28.7.2019 ור' סעיף 19(ב) לענין תחילה תק' תשע"ט-2019
6.htm	תקנת משנה (א), רשאי להתמנות ולשמש מנהל עבודה – (1)   מי שהתמנה למנהל עבודה בעבודות בניה לפי תקנות הבטיחות בעבודה (עבודות בניה), תשט"ו-1955
6.htm	תקנת משנה (א) יינתן, בכתב, למבצע הבניה, ליצרן הטפסה או ליבואן, לפי הענין. מיום 16.6.1992 תק' תשנ"ב-1992
6.htm	תקנה 197 הנוסח הקודם: הוראות מעבר 197. (א) מי שהתמנה למנהל עבודה לפי תקנות הבטיחות בעבודה (עבודות בניה), התשט"ו-1955
6.htm	תקנה 7 לענין הוראת מעבר. ק"ת תשע"ט מס' 8157
6.htm	הוראה זו לא תחול לגבי פיגום שאין אדם עלול ליפול ממנו לעומק העולה על 2 מטרים ולגבי פיגום חמורי. מיום 27.1.2019 תק' תשע"ט-2019
6.htm	תקנות אלה והוראות יצרן הפיגום, ואם הפיגום טעון תכנון של מתכנן הקמת פיגומים – גם לפי הוראות מתכנן הקמת הפיגומים ותכנית הפיגומים. פיגום מיוחד תק' תשע"ט-2019
6.htm	הוראות יצרן הפיגום, או שלא קוימו לגביו הוראות תקנות אלה, לא ישתמשו בפיגום כל עוד לא תוקן כראוי, להנחת דעתו של מנהל העבודה. מיום 27.1.2019 תק' תשע"ט-2019
6.htm	פקודה ובצו הבטיחות בעבודה (עבודות בניה הנדסית), תשכ"ב-1961
6.htm	פקודה;            "בונה מקצועי" – מי שלאחר הגיעו לגיל שמונה עשרה עבד שלוש שנים לפחות באותו מקצוע בנין שבו הוא משמש בונה מקצועי; תק' תשע"ט-2019
6.htm	תקנה מחיצה או ננקטו אמצעים מתאימים למניעת פגיעה בפיגום או באדם שעל הפיגום על ידי מיתקן ההרמה או החומר המועלה או המורד באמצעותו. מיום 28.7.2019 תק' תשע"ט-2019
6.htm	תקנה 34 הנוסח הקודם: פיגום זקפים גבוה או מיוחד 34. מבצע הבניה אחראי לכך שפיגום זקפים מעץ שגבהו עולה על 18 מטרים ופיגום מיוחד יוקמו לפי תכנון. ביסוס פיגום     זקפים תק'     תשנ"א-1991
6.htm	הוראות תקנות אלה והוראות יצרן הפיגום, ואם הפיגום טעון תכנון של מתכנן הקמת פיגומים – גם לפי הוראות מתכנן הקמת הפיגומים ותכנית הפיגומים. מיום 15.12.1998 תק' תשנ"ח-1998
6.htm	הוראות תקנות אלה יחולו על כל עבודות בניה ובניה הנדסית למעט קו או שלוחה של מסילת ברזל, כביש, מגרש חניה או מגרש ספורט. ביטול   196. תקנות הבטיחות בעבודה (עבודות בניה), תשט"ו-1955
6.htm	תקנות אלה, לא ישתמשו בפיגום כל עוד לא תוקן כראוי, להנחת דעתו של מנהל העבודה. מיום 27.1.2019 תק' תשע"ט-2019
6.htm	תקנות הבטיחות בעבודה (עבודה על גגות שבירים או תלולים), תשמ"ו-1986
6.htm	תקנת משנה (א) או לדחות את מועד הבחינה כאמור בתקנת משנה (א)(2).  תק'     תשנ"א-1991
6.htm	תקנת משנה (א) לא תחול כאשר ההשלכה נעשית בתוך שוקת או מוביל סגורים, ומקום השפיכה מגודר למניעת גישת אדם.  מיום 29.8.1991 תק' תשנ"א-1991
6.htm	תקנת משנה (א), ירחיקוהו מאתר הבניה. תק'     תשע"ט-2019
6.htm	הוראות לחיזוק הפיגום ולשימוש במיתקן ההרמה; תק'     תשע"ט-2019
6.htm	תקנה 11א גישה למשטחי עבודה   12.  בכל מקום שאדם צריך לעמוד בו, לעבוד או לעבור בו יותקנו דרכי גישה בטוחות.  רצפה וסמוכות למדרכת     מעבר תק'     תשנ"א-1991
6.htm	תקנות אלה, לא ישתמשו בפיגום כל עוד לא תוקן כראוי, להנחת דעתו של מנהל העבודה. שינויים בפיגום תק' תשע"ט-2019
6.htm	הוראת תקנת משנה (א) לא תחול על הפסקה שאינה עולה על 48 שעות, ובלבד שלפרק הזמן האמור, כולו, יגודר המקום ויועמד שומר למניעת גישה למקום.  פרק י"א: ביטומן חם  התאמת עובדים תק'     תשנ"א-1991
6.htm	תקנת משנה 112(ו) חפירה על ידי     מכונה תק'     תשנ"א-1991
6.htm	תקנות הבטיחות בעבודה (עבודות בניה), תשט"ו-1955
6.htm	תקנת דיפון נשקפת סכנה לעובד בשל מפולת, יורד לתוך הבור, החפירה או התעלה תא הגנה שיקנה לעובד הנמצא בו את מידת הבטיחות הדרושה עד להשלמת העבודה.  תק'     תשנ"א-1991
6.htm	הוראות תקנות 2 ו-4. מיום 29.8.1991 תק' תשנ"א-1991
6.htm	תקנת משנה (ב) יינתן, בכתב, למבצע הבניה, ליצרן הפיגום או ליבואן, לפי הענין.  מיום 29.8.1991 תק' תשנ"א-1991
6.htm	תקנת משנה (א), יימצאו באתר הבניה בצמוד לפנקס הכללי וייכללו בה פירוט החמרים מהם עשוי הפיגום, אופן התקנתו, עיגונו במבנה והעומס המרבי לו הוא מיועד. טפסה בתנאים     מיוחדים תק'     תשנ"ב-1992
6.htm	תקנת משנה (ה) תוכן תכנית בידי מתכנן הקמת פיגומים אשר תכלול את האמצעים אשר יקנו לפיגום אותה מידת יציבות. תק'     תשע"ט-2019
6.htm	תקנות 9, 11 או 168.  מיום 29.8.1991 תק' תשנ"א-1991
6.htm	תקנת הפיגום עד פירוקו.   מיום 16.6.1992 תק' תשנ"ב-1992
6.htm	תקנת משנה (ה) תוכן תכנית הקמת פיגומים אשר תכלול את האמצעים אשר יקנו לפיגום אותה מידת יציבות. מיום 29.8.1991 תק' תשנ"א-1991
6.htm	תקנות אלה יהיו בעברית.  תחולה תק'     תשנ"ח-1998
6.htm	תקנות הבטיחות בעבודה (עבודות בניה), התשט"ו-1955
6.htm	תקנות אלה יחולו על כל עבודות בניה ובניה הנדסית למעט קו או שלוחה של מסילת ברזל, כביש, מגרש חניה או מגרש ספורט. ביטול   196. תקנות הבטיחות בעבודה (עבודות בניה), תשט"ו-1955
6.htm	הוראות הקבועות בתקן.           (ג)   זקפים ומשטחים שיוצרו עד תום שישה חודשים מיום פרסומן של תקנות הבטיחות בעבודה (עבודות בנייה) (תיקון), התשע"ט-2019
6.htm	תקנות אלה והוראות יצרן הפיגום, ואם הפיגום טעון תכנון של מתכנן הקמת פיגומים – גם לפי הוראות מתכנן הקמת הפיגומים ותכנית הפיגומים. מיום 15.12.1998 תק' תשנ"ח-1998
6.htm	תקנת משנה (א), יכול שישתמשו בתא הגנה מתאים.  מיום 29.8.1991 תק' תשנ"א-1991
6.htm	תקנה 17א חמרים לפיגום תק' תשע"ט-2019
6.htm	הוראות תקנות אלה יחולו על כל עבודות בניה ובניה הנדסית. מיום 15.12.1998 תק' תשנ"ח-1998
6.htm	פקודת הבטיחות בעבודה [נוסח חדש], תש"ל-1970
6.htm	תקנת משנה (ב). מיום 28.7.2019 תק' תשע"ט-2019
6.htm	תקנה 39 זקפי פיגום תק'     תשנ"א-1991
6.htm	תקנת פיגום לפני השימוש בו ויפסול כל רכיב שאינו מתאים. תק'     תשע"ט-2019
7.htm	תקנות רישום קבלנים לעבודות הנדסה בנאיות (מנהלי עבודה), תש"ל-1970
7.htm	פקודת הראיות [נוסח חדש], תשל"א-1971
7.htm	פקודת הראיות [נוסח חדש], תשל"א-1971
7.htm	תקנות רישום קבלנים לעבודות הנדסה בנאיות (מנהלי עבודה), תשמ"ב-1982
7.htm	תקנה זו -            "מדד" - מדד תשומות הבניה כפי שמפרסמת אותו הלשכה המרכזית לסטטיסטיקה;           "מדד בסיסי" - המדד שפורסם בחודש דצמבר 1981
7.htm	חוק רישום קבלנים לעבודות הנדסה בנאיות, תשכ"ט-1969
8.htm	תקנות המהנדסים והאדריכלים להגיש לרשות המוסמכת תכנית כמשמעותה בתקנות האמורות; תק'     תשע"ח-2018
8.htm	הוראות מעבר   122.  (א)  על אף האמור בתקנה 121, לבקשת מבקש ההיתר, מותר לפעול לפי תקנות אלה מיום פרסומן.            תק' תש"ף-2020
8.htm	חוק התקנים, התשי"ג-1953
8.htm	תקנה 2(א), עד ליום ד' בטבת התש"ף (1 בינואר 2020
8.htm	תקנות 17(ג), 36(ה) ו-110(ב) ו-(ג) ביום י"ז בטבת התשפ"א (1 בינואר 2021
8.htm	תקנות התכנון והבנייה (רישוי בנייה) (הוראת שעה), התשע"ז-2017
8.htm	תקנות משנה (א) עד (ד), היו המקרקעין מקרקעי ישראל, יחולו לעניין הסכמת רשות מקרקעי ישראל הוראות אלה:   מיום 1.1.2020 תק' תש"ף-2020
8.htm	הוראות אלה:   מיום 1.1.2020 תק' תש"ף-2020
8.htm	חוק המקרקעין, התשכ"ט-1969
8.htm	תקנות אלה מיום פרסומן.            תק' תש"ף-2020
8.htm	חוק ההנדסאים והטכנאים המוסמכים, התשע"ג-2012
8.htm	תקנות המהנדסים והאדריכלים; מיום 5.3.2018 תק' תשע"ח-2018
8.htm	חוק ההתגוננות האזרחית, התשי"א-1951
8.htm	תקנת משנה (א), רשות הרישוי תיתן היתר לעבודה שהיא חובה לפי חוק שוויון זכויות לאנשים עם מוגבלות, התשנ"ח-1998
8.htm	תקנה 20(א), בתקופה של שנתיים מיום התחילה ימסור המהנדס את המידע להיתר בתוך 45 ימים מיום קליטת הבקשה.            תק'     תשע"ח-2018
8.htm	תקנה 24; תק'     תש"ף-2020
8.htm	תקנות 17(ג), 36(ה) ו-110(ב) ו-(ג) ארבעה חודשים מיום התחילה ביום כ"ד בטבת התשע"ט (1 בינואר 2019
8.htm	תקנה 2(א), עד ליום כ"ד בטבת התשע"ט (1 בינואר 2019
8.htm	תקנה 70, ככל שנדרש. תק'     תשע"ח-2018
8.htm	תקנות הבטיחות בעבודה (עבודות בנייה), התשמ"ח-1988
8.htm	חוק; ואולם בקשה למידע להיתר ומסירת מידע להיתר ייערכו באמצעות מערכת רישוי זמין בלבד. תק'     תשע"ז-2017
8.htm	תקנות בריאות העם (תנאים תברואיים לקידוח מי שתייה), התשנ"ה-1995
8.htm	חוק המהנדסים והאדריכלים, התשי"ח-1958
8.htm	תקנות התכנון והבנייה (פיקוח עליון על הבנייה), התשנ"ה-1992
8.htm	תקנות 17(ג), 36(ה) ו-110(ב) ו-(ג) ביום כ"ד בטבת התשע"ט (1 בינואר 2019
8.htm	תקנה 2(א), בתקופה של שנה מיום התחילה עד ליום כ"ד בטבת התשע"ט (1 בינואר 2019
8.htm	חוק רישוי עסקים, התשכ"ח-1968
8.htm	תקנות התכנון והבנייה (חישוב שטחים ואחוזי בנייה בתכניות ובהיתרים), התשנ"ב-1992
8.htm	חוק, שיפורטו בו עיקרי הבקשה להיתר, פרטי הזיהוי המקוונים של הבקשה להיתר, המקום שבו ניתן לעיין בבקשה, המועד שבו תוגש וכן האפשרות להתנגד לבקשה בתוך 15 ימים ממועד ההגשה. תק'     תשע"ח-2018
8.htm	חוק העתיקות, התשל"ח-1978
8.htm	תקנות אלה חודשיים מיום פרסומן, והן יחולו על בקשה למידע להיתר שהוגשה במועד תחילתן של תקנות אלה (להלן – יום התחילה) או לאחריו, ועל בקשה להיתר שתוגש על פי מידע כאמור.            תק'     תש"ף-2020
8.htm	תקנות המהנדסים והאדריכלים" – תקנות המהנדסים והאדריכלים (רישוי וייחוד פעולות), התשכ"ז-1967
8.htm	תקנות המקרקעין (ניהול ורישום), התשע"ב-2011
8.htm	הוראת שעה), התשע"ז-2017
8.htm	תקנה 2(א), עד ליום כ"ט בטבת התשפ"ב (2 בינואר 2022
8.htm	תקנות המודדים" – תקנות המדידות (מדידות ומיפוי), התשע"ו-2016
8.htm	תקנה 2(א), בתקופה של שנתיים מיום פרסומן של תקנות התכנון והבנייה (רישוי בנייה) (הוראת שעה), התשע"ז-2017
8.htm	חוק, אם הדבר נדרש לפי כל דין; (2)   תשלום כל התשלומים כאמור בסעיף 145(ד) לחוק; (3)   הפקדת ערבות לפי תקנה 70, ככל שנדרש. תק'     תשע"ח-2018
8.htm	תקנות התכנון והבנייה (מסירת מידע), התשמ"ט-1989
8.htm	תקנות התכנון והבנייה (רישוי בנייה), תשע"ו-2016
8.htm	תקנת משנה 122(ב1)   מיום 5.3.2018 תק' תשע"ח-2018
8.htm	חוק התכנון והבנייה, התשכ"ה-1965
8.htm	חוק מס רכוש וקרן פיצויים, התשכ"א-1961
8.htm	חוק; ואולם בקשה למידע להיתר ומסירת מידע להיתר ייערכו באמצעות מערכת רישוי זמין בלבד.   מיום 1.1.2020 תק' תש"ף-2020
8.htm	תקנה 1 לתקנות העיקריות, כנוסחה בתקנה 1 לתקנות אלה, לפי העניין. ק"ת תשע"ח מס' 8057
8.htm	תקנה 121, לבקשת מבקש ההיתר, מותר לפעול לפי תקנות אלה מיום פרסומן.            תק' תש"ף-2020
8.htm	חוק שוויון זכויות לאנשים עם מוגבלות, התשנ"ח-1998
8.htm	תקנה 33(17); (21)  מידע אם נדרשת חוות דעת של מורשה נגישות מבנים, תשתיות וסביבה לבקשה להיתר לעבודה במקום ציבורי קיים, שהיא חובה לפי חוק שוויון זכויות לאנשים עם מוגבלות, התשנ"ח-1998
8.htm	תקנות 61 62 עד 64.   מיום 9.8.2018 תק' (מס' 2) תשע"ח-2018
8.htm	תקנות בריאות העם (תנאים תברואיים לקידוח מי שתייה), התשנ"ה-1995
8.htm	תקנות המהנדסים והאדריכלים, ושחתם על הבקשה להיתר ועל נספחיה כאחראי לתכנון שלד הבניין נושא הבקשה ולביצוע פיקוח עליון על הקמתו; תק'     תשע"ח-2018
8.htm	חוק זה או שנמסרו במסגרת המידע להיתר, ויחולו הוראות תקנה 53. מיום 5.3.2018 תק' תשע"ח-2018
8.htm	חוק חתימה אלקטרונית, התשס"א-2001
8.htm	תקנה 16(ז), יודיע על כך לעורך הבקשה ולמהנדס בתוך חמישה ימים ממועד קבלת המסמכים החלקיים; לא נמסרה הודעה כאמור, יראו כאילו הוגשו כל המסמכים הנדרשים. מיום 5.3.2018 תק' תשע"ח-2018
8.htm	תקנה 13; (7)   קובץ תכנית ראשית כמפורט בתוספת; תק'     תש"ף-2020
8.htm	הוראות תקנה 33(17); (21)  מידע אם נדרשת חוות דעת של מורשה נגישות מבנים, תשתיות וסביבה לבקשה להיתר לעבודה במקום ציבורי קיים, שהיא חובה לפי חוק שוויון זכויות לאנשים עם מוגבלות, התשנ"ח-1998
8.htm	תקנות אלה: חלק א': פרשנות סימן א': הגדרות הגדרות   1.       בתקנות אלה – תק'     תשע"ח-2018
8.htm	חוק. תנאים מוקדמים     להגשת בקשה להיתר   33.    (א)  בקשה להיתר תכלול את הפרטים והצרופות האלה (להלן – התנאים המוקדמים): תק'     תש"ף-2020
8.htm	חוק, אם ניתן; (12)  העתק אישור הרשות לשמירת הטבע והגנים הלאומיים, אם נדרש לפי חוק גנים לאומיים, שמורות טבע, אתרים לאומיים ואתרי הנצחה, התשנ"ח-1998
8.htm	תקנות התכנון והבנייה (מידע נדרש להיתר), התשנ"ב-1992
8.htm	חוק), ולאחר התייעצות עם המועצה הארצית לתכנון ולבנייה, אני מתקין תקנות אלה: חלק א': פרשנות סימן א': הגדרות הגדרות   1.       בתקנות אלה – תק'     תשע"ח-2018
8.htm	תקנות 17(ג), 36(ה) ו-110(ב) ו-(ג) ביום ד' בטבת התש"ף (1 בינואר 2020
8.htm	תקנות המהנדסים והאדריכלים בבניין הנדון; תק'     תשע"ח-2018
8.htm	תקנות עבודת מכון בקרה;           "נציגות הבית המשותף" – כמשמעותה בסעיף 65 לחוק המקרקעין, התשכ"ט-1969
8.htm	תקנה 2(א), בתקופה של שנתיים מיום פרסומן של תקנות התכנון והבנייה (רישוי בנייה) (הוראת שעה), התשע"ז-2017
8.htm	חוק; ואולם בקשה למידע להיתר ומסירת מידע להיתר ייערכו באמצעות מערכת רישוי זמין בלבד.   תוספת (תקנות 1 ו-33(7)) תכנית ראשית תק' תש"ף-2020
9.htm	חוק מניעת מפגעים, תשכ"א-1961
9.htm	תקנות למניעת מפגעים (רעש בלתי סביר מציוד בניה), תשל"ט-1979
חקיקה סופית עם מספרים.htm	תקנות הבטיחות בעבודה (ציוד מגן אישי),   תשנ"ז-1997
חקיקה סופית עם מספרים.htm	תקנות החשמל (הארקות ואמצעי הגנה מפני חישמול במתח עד 1000 וולט), תשנ"א-1991
חקיקה סופית עם מספרים.htm	תקנות הבטיחות בעבודה (הרמת בני אדם   במלגזות), תשמ"ג-1983
חקיקה סופית עם מספרים.htm	תקנות   התכנון והבנייה (רישוי בנייה), תשעו-2016
חקיקה סופית עם מספרים.htm	תקנות למניעת מפגעים (רעש בלתי סביר   מציוד בניה), תשל"ט-1979
חקיקה סופית עם מספרים.htm	תקנות   רישום קבלנים לעבודות הנדסה בנאיות (מנהלי עבודה), תשמ"ב-1982
חקיקה סופית עם מספרים.htm	תקנות הבטיחות בעבודה (חשמל), תש"ן–1990
חקיקה סופית עם מספרים.htm	תקנות   הבטיחות בעבודה  (גיהות תעסוקתית ובריאות העובדים במתכות מסויימות), תשנ"ג-1993
חקיקה סופית עם מספרים.htm	תקנות הבטיחות בעבודה (גיהות תעסוקתית   ובריאות הציבור והעובדים באבק מזיק), תשמד-1984
חקיקה סופית עם מספרים.htm	תקנות הבטיחות בעבודה (עגורנאים, מפעילי   מכונות הרמה אחרות ואתתים), תשנ"ג-1992
חקיקה סופית עם מספרים.htm	פקודת הבטיחות בעבודה (נוסח חדש),   תש"ל-1970
חקיקה סופית עם מספרים.htm	תקנות ארגון הפיקוח על העבודה (ממונים   על הבטיחות), תשנ"ו-1996
חקיקה סופית עם מספרים.htm	תקנות ארגון הפיקוח על העבודה (תכנית   לניהול הבטיחות), תשעג-2013
חקיקה סופית עם מספרים.htm	תקנות ארגון הפיקוח על העבודה (מסירת   מידע והדרכת עובדים), תשנ"ט-1999
חקיקה סופית עם מספרים.htm	תקנות הבטיחות בעבודה (עגורני צריח),   תשכ"ז-1966
חקיקה סופית עם מספרים.htm	תקנות הבטיחות בעבודה (עבודה בגובה),   תשסז-2007
חקיקה סופית עם מספרים.htm	תקנות   החשמל(רשיונות), תשמ"ה-1985
חקיקה סופית עם מספרים.htm	תקנות הביטוח הלאומי(ביטוח מפני פגיעה   בעבודה), תשיד-1954
חקיקה סופית עם מספרים.htm	תקנות   הבטיחות בעבודה (עזרה ראשונה במקומות עבודה), תשמ"ח-1988
חקיקה סופית עם מספרים.htm	תקנות החשמל (התקנת כבלים במתח שאינו עולה על   מתח נמוך), תש"ס-2000
חקיקה סופית עם מספרים.htm	תקנות התכנון והבניה (סטיה   ניכרת מתכנית), תשס"ב-2002
חקיקה סופית עם מספרים.htm	תקנת כבלים במתח שאינו עולה על   מתח נמוך), תש"ס-2000
חקיקה סופית עם מספרים.htm	תקנות   הבטיחות בעבודה (גיליון בטיחות, סיווג, אריזה, תיווי   וסימן של אריזות), תשנח-1998
חקיקה סופית עם מספרים.htm	תקנות חומרי נפץ (מסחר, העברה, ייצור,   החסנה ושימוש), תשנ"ד-1994
חקיקה סופית עם מספרים.htm	תקנות הבטיחות בעבודה (גיהות תעסוקתית   ובריאות העובדים ברעש), תשמ"ד-1984
חקיקה סופית עם מספרים.htm	תקנות   התאונות ומחלות משלח-היד (הודעה על מקרים מסוכנים במקומות עבודה),   תשי"א-1951
חקיקה סופית עם מספרים.htm	תקנות   מס מקביל (שירותי בריאות בעבודה) 1973 31 תקנות החשמל (מיתקן   חשמלי ארעי באתר בניה במתח שאינו עולה על מתח נמוך), תשס"ג-2002
חקיקה סופית עם מספרים.htm	תקנות   מחלות מקצוע (חובת הודעה – רשימה נוספת), תש"ם-1980
חקיקה סופית עם מספרים.htm	תקנות   הבטיחות בעבודה (עבודות בניה), תשמ"ח-1988
חקיקה סופית עם מספרים.htm	פקודת תאונות ומחלות משלח-יד (הודעה),   1945 3 פקודת   הנזיקין 4 תקנות הבטיחות בעבודה (עגורני צריח),   תשכ"ז-1966
חקיקה סופית עם מספרים.htm	חוק ארגון הפיקוח על העבודה,   תשי"ד-1954
חקיקה סופית עם מספרים.htm	תקנות   הבטיחות בעבודה (עבודה על גגות שבירים או תלולים), תשמו-1986
